<?xml version="1.0" encoding="UTF-8"?>
<window>
	<defaultcontrol always="true">9000</defaultcontrol>
	<onload>ClearProperty(RunSkinShortcutsAfterInstall,Home)</onload>
	<onload condition="!System.HasAddon(script.skinshortcuts)">SetProperty(MissingDependency,True,Home)</onload>
	<onload condition="!System.HasAddon(script.skinshortcuts)">ActivateWindow(1126)</onload>
	<onload condition="System.HasAddon(script.skinshortcuts) + String.IsEmpty(Window(Home).Property(RunSkinShortcutsAfterInstall))">RunScript(script.skinshortcuts,type=buildxml&amp;mainmenuID=9000&amp;levels=2&amp;options=noGroups)</onload>
	<onload condition="System.HasAddon(script.skinshortcuts) + !Skin.HasSetting(AskedDefaultBackground)">SetProperty(AskDefaultBackground,True,Home)</onload>
	<onload condition="System.HasAddon(script.skinshortcuts) + !Skin.HasSetting(AskedDefaultBackground) + !Control.IsVisible(9999)">AlarmClock(Ask for Default Background,ActivateWindow(1126),00:02,silent)</onload>
	<onload condition="System.HasAddon(script.skin.info.service) + String.IsEmpty(Window(home).Property(skininfos_daemon_running))">RunScript(script.skin.info.service)</onload>
	<menucontrol>9051</menucontrol>
	<controls>
		<control type="button" id="64">
			<include>HiddenObject</include>
			<onback>SetFocus(9000)</onback>
			<onleft>SetFocus(9000)</onleft>
			<onright>SetFocus(9000)</onright>
			<onup>SetFocus(9000)</onup>
			<ondown>SetFocus(9000)</ondown>
			<onclick>SetFocus(9000)</onclick>
		</control>
		<control type="fadelabel" id="4410">
			<top>-100</top>
			<width>2560</width>
			<height>0</height>
			<scroll>false</scroll>
			<scrollout>false</scrollout>
			<randomize>true</randomize>
			<resetonlabelchange>true</resetonlabelchange>
			<visible>!Skin.HasSetting(Disable.ExtraFanart)</visible>
			<include>FadeLabelTime</include>
			<label>$INFO[Container.ListItem.Art(fanart)]</label>
			<label>$INFO[Container.ListItem.Art(fanart1)]</label>
			<label>$INFO[Container.ListItem.Art(fanart2)]</label>
			<label>$INFO[Container.ListItem.Art(fanart3)]</label>
			<label>$INFO[Container.ListItem.Art(fanart4)]</label>
			<label>$INFO[Container.ListItem.Art(fanart5)]</label>
			<label>$INFO[Container.ListItem.Art(fanart6)]</label>
			<label>$INFO[Container.ListItem.Art(fanart7)]</label>
			<label>$INFO[Container.ListItem.Art(fanart8)]</label>
			<label>$INFO[Container.ListItem.Art(fanart9)]</label>
			<label>$INFO[Container.ListItem.Art(fanart10)]</label>
			<label>$INFO[Container.ListItem.Art(fanart11)]</label>
			<label>$INFO[Container.ListItem.Art(fanart12)]</label>
			<label>$INFO[Container.ListItem.Art(fanart13)]</label>
			<label>$INFO[Container.ListItem.Art(fanart14)]</label>
			<label>$INFO[Container.ListItem.Art(fanart15)]</label>
			<label>$INFO[Container.ListItem.Art(fanart16)]</label>
			<label>$INFO[Container.ListItem.Art(fanart17)]</label>
			<label>$INFO[Container.ListItem.Art(fanart18)]</label>
			<label>$INFO[Container.ListItem.Art(fanart19)]</label>
			<label>$INFO[Container.ListItem.Art(fanart20)]</label>
			<label>$INFO[Container.ListItem.Art(tvshow.fanart1)]</label>
			<label>$INFO[Container.ListItem.Art(tvshow.fanart2)]</label>
			<label>$INFO[Container.ListItem.Art(tvshow.fanart3)]</label>
			<label>$INFO[Container.ListItem.Art(tvshow.fanart4)]</label>
			<label>$INFO[Container.ListItem.Art(tvshow.fanart5)]</label>
			<label>$INFO[Container.ListItem.Art(tvshow.fanart6)]</label>
			<label>$INFO[Container.ListItem.Art(tvshow.fanart7)]</label>
			<label>$INFO[Container.ListItem.Art(tvshow.fanart8)]</label>
			<label>$INFO[Container.ListItem.Art(tvshow.fanart9)]</label>
			<label>$INFO[Container.ListItem.Art(tvshow.fanart10)]</label>
			<label>$INFO[Container.ListItem.Art(tvshow.fanart11)]</label>
			<label>$INFO[Container.ListItem.Art(tvshow.fanart12)]</label>
			<label>$INFO[Container.ListItem.Art(tvshow.fanart13)]</label>
			<label>$INFO[Container.ListItem.Art(tvshow.fanart14)]</label>
			<label>$INFO[Container.ListItem.Art(tvshow.fanart15)]</label>
			<label>$INFO[Container.ListItem.Art(tvshow.fanart16)]</label>
			<label>$INFO[Container.ListItem.Art(tvshow.fanart17)]</label>
			<label>$INFO[Container.ListItem.Art(tvshow.fanart18)]</label>
			<label>$INFO[Container.ListItem.Art(tvshow.fanart19)]</label>
			<label>$INFO[Container.ListItem.Art(tvshow.fanart20)]</label>
			<label>$INFO[Container.ListItem.Art(artist.fanart1)]</label>
			<label>$INFO[Container.ListItem.Art(artist.fanart2)]</label>
			<label>$INFO[Container.ListItem.Art(artist.fanart3)]</label>
			<label>$INFO[Container.ListItem.Art(artist.fanart4)]</label>
			<label>$INFO[Container.ListItem.Art(artist.fanart5)]</label>
			<label>$INFO[Container.ListItem.Art(artist.fanart6)]</label>
			<label>$INFO[Container.ListItem.Art(artist.fanart7)]</label>
			<label>$INFO[Container.ListItem.Art(artist.fanart8)]</label>
			<label>$INFO[Container.ListItem.Art(artist.fanart9)]</label>
			<label>$INFO[Container.ListItem.Art(artist.fanart10)]</label>
			<label>$INFO[Container.ListItem.Art(artist.fanart11)]</label>
			<label>$INFO[Container.ListItem.Art(artist.fanart12)]</label>
			<label>$INFO[Container.ListItem.Art(artist.fanart13)]</label>
			<label>$INFO[Container.ListItem.Art(artist.fanart14)]</label>
			<label>$INFO[Container.ListItem.Art(artist.fanart15)]</label>
			<label>$INFO[Container.ListItem.Art(artist.fanart16)]</label>
			<label>$INFO[Container.ListItem.Art(artist.fanart17)]</label>
			<label>$INFO[Container.ListItem.Art(artist.fanart18)]</label>
			<label>$INFO[Container.ListItem.Art(artist.fanart19)]</label>
			<label>$INFO[Container.ListItem.Art(artist.fanart20)]</label>
			<label>$INFO[Container.ListItem.Art(albumartist.fanart1)]</label>
			<label>$INFO[Container.ListItem.Art(albumartist.fanart2)]</label>
			<label>$INFO[Container.ListItem.Art(albumartist.fanart3)]</label>
			<label>$INFO[Container.ListItem.Art(albumartist.fanart4)]</label>
			<label>$INFO[Container.ListItem.Art(albumartist.fanart5)]</label>
			<label>$INFO[Container.ListItem.Art(albumartist.fanart6)]</label>
			<label>$INFO[Container.ListItem.Art(albumartist.fanart7)]</label>
			<label>$INFO[Container.ListItem.Art(albumartist.fanart8)]</label>
			<label>$INFO[Container.ListItem.Art(albumartist.fanart9)]</label>
			<label>$INFO[Container.ListItem.Art(albumartist.fanart10)]</label>
			<label>$INFO[Container.ListItem.Art(albumartist.fanart11)]</label>
			<label>$INFO[Container.ListItem.Art(albumartist.fanart12)]</label>
			<label>$INFO[Container.ListItem.Art(albumartist.fanart13)]</label>
			<label>$INFO[Container.ListItem.Art(albumartist.fanart14)]</label>
			<label>$INFO[Container.ListItem.Art(albumartist.fanart15)]</label>
			<label>$INFO[Container.ListItem.Art(albumartist.fanart16)]</label>
			<label>$INFO[Container.ListItem.Art(albumartist.fanart17)]</label>
			<label>$INFO[Container.ListItem.Art(albumartist.fanart18)]</label>
			<label>$INFO[Container.ListItem.Art(albumartist.fanart19)]</label>
			<label>$INFO[Container.ListItem.Art(albumartist.fanart20)]</label>
		</control>
		<control type="fadelabel" id="4411">
			<top>-100</top>
			<width>2560</width>
			<height>0</height>
			<scroll>false</scroll>
			<scrollout>false</scrollout>
			<randomize>true</randomize>
			<resetonlabelchange>true</resetonlabelchange>
			<include>FadeLabelTime</include>
			<!-- All Movies -->
			<label>$INFO[Container(9035).ListItem.Art(fanart)]</label>
			<!-- All TV Shows -->
			<label>$INFO[Container(9036).ListItem.Art(fanart)]</label>
			<!-- All Album Artists -->
			<label>$INFO[Container(9037).ListItem.Art(fanart)]</label>
			<!-- All Music Videos -->
			<label>$INFO[Container(9038).ListItem.Art(fanart)]</label>
		</control>
		<include>HomeFanartLists</include>
		<control type="button" id="9051">
			<include>HiddenObject</include>
			<onfocus condition="Player.HasMedia">ActivateWindow(playercontrols)</onfocus>
			<onfocus condition="!Player.HasMedia">SetFocus(9000)</onfocus>
		</control>
		<include>CommonBackground</include>
		<control type="group">
			<visible>!Integer.IsEqual(Container(9000).NumItems,0) + !Control.HasFocus(64)</visible>
			<include>VisibleFadeAnimation</include>
			<include condition="!Skin.HasSetting(Disable.Videoinfo)">NowPlayingVideoWidget</include>
			<include condition="!Skin.HasSetting(Disable.Musicinfo)">NowPlayingMusicWidget</include>
			<include>Widget1</include>
			<include>Widget2</include>
			<include>LiveTVWidget</include>
			<!-- Horizontal Menu -->
			<!-- RSS Feeds -->
			<include condition="!String.IsEqual(Skin.String(MainMenu.Layout),vertical)">HorizontalMenuSystemBars</include>
			<include condition="!String.IsEqual(Skin.String(MainMenu.Layout),vertical)">HorizontalMenu</include>
			<!-- Vertical Menu -->
			<include condition="!String.IsEqual(Skin.String(HorizontalRSSPosition),high) + system.getbool(lookandfeel.enablerssfeeds) + !String.IsEqual(Skin.String(MainMenu.Layout),vertical)">RSSFeed</include>
			<include condition="String.IsEqual(Skin.String(HorizontalRSSPosition),high) + system.getbool(lookandfeel.enablerssfeeds) + !String.IsEqual(Skin.String(MainMenu.Layout),vertical)">RSSFeed2</include>
			<include condition="String.IsEqual(Skin.String(MainMenu.Layout),vertical)">VerticalMenu</include>
			<!-- RSS Feed -->
			<include condition="String.IsEqual(Skin.String(MainMenu.Layout),vertical)">RSSFeedVerticalMenu</include>
			<!-- Fanart Title Widget -->
			<include condition="!Skin.HasSetting(Disable.FanartTitle)">FanartTitle</include>
			
			
			
			<!-- Start Animations -->
			<control type="group">
				<visible>!Skin.HasSetting(Disable.HomeAnimations)</visible>
				<posy>275</posy>
				<posx>-300</posx>
				<left>100</left>
				
			<!-- Use this to space all the groups -->
			<animation effect="" end="200" time="10000" delay="300" pulse="true" condition="true">Conditional</animation>
						
			<!-- Superman Fly Up Animation -->
				<control type="image">
					<left>32</left>
					<top>525</top>
					<width>167</width>
					<height>226</height>
					<texture flipx="true" border="0">superman_flying_up.gif</texture>
					<animation effect="slide" start="200,-50" end="210,-1500" time="1500" delay="10000" reversible="false" loop="false" condition="true">Conditional</animation>
					<animation effect="slide" start="-50,0" end="-50,0" time="2000" delay="10000" reversible="false" condition="true">Conditional</animation>
					<animation effect="fade" start="0%" end="100%" time="10" delay="10000" reversible="true" condition="true">Conditional</animation>
				</control>
			
			<!-- Man of Steel Skin Startup Logo -->
			<control type="image">
				<right>450</right>
				<top>-75</top>
				<width>1000</width>
				<height>700</height>
				<texture flipx="false" border="0">startup_logo.png</texture>
				<animation effect="fade" start="100%" end="0%" time="3000" delay="13000" reversible="false" loop="false" pulse="false" condition="true">Conditional</animation>				
			</control>
				
			<!-- Superman ClearLogo -->
				<control type="image">
					<left>20</left>
					<top>700</top>
					<width>554</width>
					<height>34</height>
					<texture flipx="false" border="0">manofsteel_logo.png</texture>
					<animation effect="fade" start="0%" end="100%" time="6000" delay="3500" reversible="true" condition="true">Conditional</animation>
				</control>
						
			<!-- Bullet Moving Left 1 Animation -->
				<control type="image">
					<left>-490</left>
					<top>-50</top>
					<width>50</width>
					<height>50</height>
					<texture flipx="false" border="0">bullet.png</texture>
					<animation effect="slide" start="2800" end="0,0" time="7000" delay="3000" reversible="false" pulse="false" loop="false" condition="true">Conditional</animation>
					<animation effect="slide" start="-50,0" end="-50,0" time="4300" delay="3000" reversible="false" condition="true">Conditional</animation>
				</control>
						
			<!-- Bullet Moving Left 2 Animation -->
				<control type="image">
					<left>-530</left>
					<top>-25</top>
					<width>50</width>
					<height>50</height>
					<texture flipx="false" border="0">bullet.png</texture>
					<animation effect="slide" start="2800" end="0,0" time="7000" delay="3000" reversible="false" pulse="false" loop="false" condition="true">Conditional</animation>
					<animation effect="slide" start="-50,0" end="-50,0" time="4300" delay="4000" reversible="false" condition="true">Conditional</animation>
				</control>
						
			<!-- Bullet Moving Left 3 Animation -->
				<control type="image">
					<left>-470</left>
					<top>-0</top>
					<width>50</width>
					<height>50</height>
					<texture flipx="false" border="0">bullet.png</texture>
					<animation effect="slide" start="2800" end="0,0" time="7000" delay="3000" reversible="false" pulse="false" loop="false" condition="true">Conditional</animation>
					<animation effect="slide" start="-50,0" end="-50,0" time="4300" delay="3000" reversible="false" condition="true">Conditional</animation>
				</control>
						
			<!-- Superman Passing Bullets Moving Left Animation -->
				<control type="image">
					<left>-250</left>
					<top>-125</top>
					<width>403</width>
					<height>306</height>
					<texture flipx="false" border="0">superman.gif</texture>
					<animation effect="slide" start="3000" end="-200,0" time="6000" delay="3000" reversible="false" pulse="false" loop="false" condition="true">Conditional</animation>
					<animation effect="slide" start="-50,0" end="-50,0" time="4300" delay="3000" reversible="false" condition="true">Conditional</animation>
				</control>
						
			<!-- Locomotive Moving Right Animation -->
				<control type="image">
					<left>-725</left>
					<top>620</top>
					<width>656</width>
					<height>193</height>
					<texture flipx="false" border="0">locomotive.gif</texture>
					<animation effect="slide" start="0,0" end="2050" time="3000" delay="2500" reversible="true" loop="false" condition="true">Conditional</animation>
					<animation effect="slide" start="-50,0" end="-50,0" time="4300" delay="3000" reversible="false" condition="true">Conditional</animation>
					<animation effect="fade" start="100%" end="0%" time="100" delay="7000" reversible="false" loop="false"pulse="false" condition="true">Conditional</animation>
				</control>
						
			<!-- Locomotive Moving Left Animation -->
				<control type="image">
					<left>-675</left>
					<top>620</top>
					<width>656</width>
					<height>193</height>
					<texture flipx="false" border="0">locomotive.gif</texture>
					<animation effect="fade" start="0%" end="100%" time="100" delay="7000" reversible="false" loop="false"pulse="false" condition="true">Conditional</animation>
					<animation effect="slide" start="2000" end="-200,0" time="6000" delay="7000" reversible="false" loop="false" condition="true">Conditional</animation>
					<animation effect="slide" start="-50,0" end="-50,0" time="4300" delay="3000" reversible="false" condition="true">Conditional</animation>
				</control>
				
			<!-- Superman Moving Locomotive Left Animation -->
				<control type="image">
					<left>-670</left>
					<top>650</top>
					<width>201</width>
					<height>153</height>
					<texture flipx="false" border="0">superman.gif</texture>
					<animation effect="slide" start="2600" end="-200,0" time="7640" delay="6990" reversible="false" loop="false"  condition="true">Conditional</animation>
					<animation effect="slide" start="-50,0" end="-50,0" time="4300" delay="7000" reversible="false" condition="true">Conditional</animation>
				</control>
				
				<control type="image">
					<posx>1000</posx>
					<posy>400</posy>
					<top>-1040</top>
					<width>420</width>
					<height>2000</height>
					<texture>bbc4.</texture>
					<aspectratio scalediffuse="false">keep</aspectratio>
					<animation effect="slide" start="-2220,400" end="2200,0" time="26000" delay="6000" loop="true" easing="out" tween="quadratic" condition="true">Conditional</animation>
				</control>
			</control>	
			<!-- End Animations -->
			
			<!-- Vertical SubMenu + System Bars -->
			<include condition="String.IsEqual(Skin.String(MainMenu.Layout),vertical)">VerticalSubMenu</include>
			<include condition="String.IsEqual(Skin.String(MainMenu.Layout),vertical)">VerticalMenuSystemBars</include>
		</control>
		<control type="group" id="9999">
			<visible>System.HasAddon(script.skinshortcuts) + [Integer.IsEqual(Container(9000).NumItems,0) | Container(9000).IsUpdating]</visible>
			<control type="image">
				<include>FullscreenDimensions</include>
				<texture border="1">black.png</texture>
			</control>
			<control type="group">
				<control type="label">
					<top>300</top>
					<width>100%</width>
					<align>center</align>
					<font>font_skinversion</font>
					<label>$LOCALIZE[31526]</label>
				</control>
				<control type="fadelabel">
					<top>400</top>
					<width>100%</width>
					<height>100</height>
					<align>center</align>
					<font>font_kodiversion</font>
					<label>$LOCALIZE[31527]</label>
					<label>$LOCALIZE[31527].</label>
					<label>$LOCALIZE[31527]..</label>
					<label>$LOCALIZE[31527]...</label>
					<scrollout>false</scrollout>
					<pauseatend>1000</pauseatend>
				</control>
			</control>
			<control type="image">
				<left>1482</left>
				<top>853</top>
				<width>400</width>
				<height>130</height>
				<aspectratio align="right">keep</aspectratio>
				<texture>aeon-nox-logo.png</texture>
			</control>
			<control type="image">
				<left>82</left>
				<top>840</top>
				<width>356</width>
				<height>120</height>
				<aspectratio align="left">keep</aspectratio>
				<texture>xbmc-logo.png</texture>
			</control>
		</control>
	</controls>
</window>