<includes>
	<include name="skinshortcuts-mainmenu">
		<item id="1">
			<property name="id">$NUMBER[1]</property>
			<label>$LOCALIZE[20343]</label>
			<label2 />
			<icon>special://skin/extras/icons/DefaultTVShows.png</icon>
			<thumb />
			<onclick condition="String.IsEqual(ListItem.Property(path),ActivateWindow(1129))">SetProperty(CustomSelectSearch,True,Home)</onclick>
			<onclick condition="Library.HasContent(TVShows)">ActivateWindow(Videos,videodb://tvshows/titles/,return)</onclick>
			<property name="path">ActivateWindow(Videos,videodb://tvshows/titles/,return)</property>
			<onclick condition="![Library.HasContent(TVShows)]">ActivateWindow(videos,files,return)</onclick>
			<visible>String.IsEqual(System.ProfileName,Master user)</visible>
			<property name="submenuVisibility">tvshows</property>
			<property name="hasSubmenu">True</property>
			</item>
		<item id="2">
			<property name="id">$NUMBER[2]</property>
			<label>$LOCALIZE[13000]</label>
			<label2 />
			<icon>special://skin/extras/icons/DefaultAddonService.png</icon>
			<thumb />
			<onclick condition="String.IsEqual(ListItem.Property(path),ActivateWindow(1129))">SetProperty(CustomSelectSearch,True,Home)</onclick>
			<onclick>ActivateWindow(Settings)</onclick>
			<property name="path">ActivateWindow(Settings)</property>
			<visible>String.IsEqual(System.ProfileName,Master user)</visible>
			<property name="submenuVisibility">num-13000</property>
			<property name="hasSubmenu">True</property>
			</item>
		<item id="3">
			<property name="id">$NUMBER[3]</property>
			<label>$LOCALIZE[33060]</label>
			<label2 />
			<icon>special://skin/extras/icons/power.png</icon>
			<thumb />
			<onclick condition="String.IsEqual(ListItem.Property(path),ActivateWindow(1129))">SetProperty(CustomSelectSearch,True,Home)</onclick>
			<onclick>ActivateWindow(shutdownmenu)</onclick>
			<property name="path">ActivateWindow(shutdownmenu)</property>
			<visible>String.IsEqual(System.ProfileName,Master user)</visible>
			<property name="submenuVisibility">num-33060</property>
			<property name="hasSubmenu">True</property>
			</item>
		<item id="4">
			<property name="id">$NUMBER[4]</property>
			<label>$LOCALIZE[1]</label>
			<label2 />
			<icon>special://skin/extras/icons/DefaultPicture.png</icon>
			<thumb />
			<visible>False</visible>
			<onclick>noop</onclick>
			<property name="hasSubmenu">True</property>
			</item>
		<item id="5">
			<property name="id">$NUMBER[5]</property>
			<label>$LOCALIZE[2]</label>
			<label2 />
			<icon>special://skin/extras/icons/DefaultAudio.png</icon>
			<thumb />
			<onclick condition="String.IsEqual(ListItem.Property(path),ActivateWindow(1129))">SetProperty(CustomSelectSearch,True,Home)</onclick>
			<onclick>ActivateWindow(Music,files)</onclick>
			<property name="path">ActivateWindow(Music,files)</property>
			<visible>String.IsEqual(System.ProfileName,Master user)</visible>
			<property name="submenuVisibility">music</property>
			<property name="hasSubmenu">True</property>
			</item>
		<item id="6">
			<property name="id">$NUMBER[6]</property>
			<label>$LOCALIZE[20342]</label>
			<label2 />
			<icon>special://skin/extras/icons/DefaultMovies.png</icon>
			<thumb />
			<property name="InfoLine">31052</property>
			<property name="widgetName">31031</property>
			<property name="widgetType">movies</property>
			<property name="widgetStyle">Compact Panel</property>
			<property name="widgetCase">Case</property>
			<onclick condition="String.IsEqual(ListItem.Property(path),ActivateWindow(1129))">SetProperty(CustomSelectSearch,True,Home)</onclick>
			<onclick condition="Library.HasContent(Movies)">ActivateWindow(Videos,videodb://movies/titles/,return)</onclick>
			<property name="path">ActivateWindow(Videos,videodb://movies/titles/,return)</property>
			<onclick condition="![Library.HasContent(Movies)]">ActivateWindow(videos,files,return)</onclick>
			<visible>String.IsEqual(System.ProfileName,Master user)</visible>
			<property name="submenuVisibility">num-20342</property>
			<property name="hasSubmenu">True</property>
			</item>
		<item id="7">
			<property name="id">$NUMBER[7]</property>
			<label>None</label>
			<label2 />
			<icon>special://skin/extras/icons/DefaultAddonPVRClient.png</icon>
			<thumb />
			<visible>False</visible>
			<onclick>noop</onclick>
			<property name="hasSubmenu">True</property>
			</item>
		<item id="8">
			<property name="id">$NUMBER[8]</property>
			<label>$LOCALIZE[3]</label>
			<label2 />
			<icon>special://skin/extras/icons/DefaultVideo.png</icon>
			<thumb />
			<visible>False</visible>
			<onclick>noop</onclick>
			<property name="hasSubmenu">True</property>
			</item>
		<item id="9">
			<property name="id">$NUMBER[9]</property>
			<label>None</label>
			<label2 />
			<icon>special://skin/extras/icons/DefaultAddon.png</icon>
			<thumb />
			<visible>False</visible>
			<onclick>noop</onclick>
			<property name="hasSubmenu">True</property>
			</item>
		<item id="10">
			<property name="id">$NUMBER[10]</property>
			<label>$LOCALIZE[15016]</label>
			<label2 />
			<icon>special://skin/extras/icons/DefaultGames.png</icon>
			<thumb />
			<visible>False</visible>
			<onclick>noop</onclick>
			<property name="hasSubmenu">False</property>
			</item>
		<item id="11">
			<property name="id">$NUMBER[11]</property>
			<label>$LOCALIZE[137]</label>
			<label2 />
			<icon>special://skin/extras/icons/DefaultAddonsSearch.png</icon>
			<thumb />
			<visible>False</visible>
			<onclick>noop</onclick>
			<property name="hasSubmenu">False</property>
			</item>
		<item id="12">
			<property name="id">$NUMBER[12]</property>
			<label>None</label>
			<label2 />
			<icon>special://skin/extras/icons/Disc.png</icon>
			<thumb />
			<visible>System.HasMediaDVD</visible>
			<onclick condition="String.IsEqual(ListItem.Property(path),ActivateWindow(1129))">SetProperty(CustomSelectSearch,True,Home)</onclick>
			<onclick>PlayDisc</onclick>
			<property name="path">PlayDisc</property>
			<visible>String.IsEqual(System.ProfileName,Master user)</visible>
			<property name="submenuVisibility">num-31958</property>
			<property name="hasSubmenu">True</property>
			</item>
		<item id="13">
			<property name="id">$NUMBER[13]</property>
			<label>$LOCALIZE[1036]</label>
			<label2 />
			<icon>special://skin/extras/icons/Favorites.png</icon>
			<thumb />
			<visible>False</visible>
			<onclick>noop</onclick>
			<property name="hasSubmenu">False</property>
			</item>
		<item id="14">
			<property name="id">$NUMBER[14]</property>
			<label>$LOCALIZE[12600]</label>
			<label2 />
			<icon>special://skin/extras/icons/DefaultAddonWeather.png</icon>
			<thumb />
			<onclick condition="String.IsEqual(ListItem.Property(path),ActivateWindow(1129))">SetProperty(CustomSelectSearch,True,Home)</onclick>
			<onclick condition="!String.IsEmpty(Weather.Plugin)">ActivateWindow(Weather)</onclick>
			<property name="path">ActivateWindow(Weather)</property>
			<onclick condition="![!String.IsEmpty(Weather.Plugin)]">ActivateWindow(servicesettings,weather)</onclick>
			<visible>String.IsEqual(System.ProfileName,Master user)</visible>
			<property name="submenuVisibility">weather</property>
			<property name="hasSubmenu">False</property>
			</item>
		<item id="15">
			<property name="id">$NUMBER[15]</property>
			<label>$LOCALIZE[20389]</label>
			<label2 />
			<icon>special://skin/extras/icons/DefaultMusicVideos.png</icon>
			<thumb />
			<visible>False</visible>
			<onclick>noop</onclick>
			<property name="hasSubmenu">True</property>
			</item>
		</include>
	<include />
	<include name="skinshortcuts-submenu">
		<item id="1">
			<property name="id">$NUMBER[1]</property>
			<property name="mainmenuid">1</property>
			<label>$LOCALIZE[4]</label>
			<label2 />
			<icon>DefaultShortcut.png</icon>
			<thumb />
			<visible>[System.HasAddon(script.tv.show.next.aired)] + String.IsEqual(Container(9000).ListItem.Property(submenuVisibility),tvshows)</visible>
			<onclick>RunAddon(script.tv.show.next.aired,return)</onclick>
			<property name="path">RunAddon(script.tv.show.next.aired,return)</property>
			<visible>String.IsEqual(System.ProfileName,Master user)</visible>
			<property name="isSubmenu">True</property>
			</item>
		<item id="2">
			<property name="id">$NUMBER[2]</property>
			<property name="mainmenuid">1</property>
			<label>$LOCALIZE[575]</label>
			<label2 />
			<icon>DefaultShortcut.png</icon>
			<thumb />
			<onclick>ActivateWindow(Videos,videodb://inprogresstvshows/,return)</onclick>
			<property name="path">ActivateWindow(Videos,videodb://inprogresstvshows/,return)</property>
			<visible>[String.IsEqual(System.ProfileName,Master user)] + String.IsEqual(Container(9000).ListItem.Property(submenuVisibility),tvshows)</visible>
			<property name="isSubmenu">True</property>
			</item>
		<item id="3">
			<property name="id">$NUMBER[3]</property>
			<property name="mainmenuid">1</property>
			<label>$LOCALIZE[31328]</label>
			<label2 />
			<icon>DefaultShortcut.png</icon>
			<thumb />
			<onclick>ActivateWindow(Videos,videodb://recentlyaddedepisodes/,return)</onclick>
			<property name="path">ActivateWindow(Videos,videodb://recentlyaddedepisodes/,return)</property>
			<visible>[String.IsEqual(System.ProfileName,Master user)] + String.IsEqual(Container(9000).ListItem.Property(submenuVisibility),tvshows)</visible>
			<property name="isSubmenu">True</property>
			</item>
		<item id="4">
			<property name="id">$NUMBER[4]</property>
			<property name="mainmenuid">1</property>
			<label>$LOCALIZE[135]</label>
			<label2 />
			<icon>DefaultShortcut.png</icon>
			<thumb />
			<onclick condition="Library.HasContent(TVShows)">ActivateWindow(Videos,videodb://tvshows/genres/,return)</onclick>
			<property name="path">ActivateWindow(Videos,videodb://tvshows/genres/,return)</property>
			<onclick condition="![Library.HasContent(TVShows)]">ActivateWindow(videos,files,return)</onclick>
			<visible>[String.IsEqual(System.ProfileName,Master user)] + String.IsEqual(Container(9000).ListItem.Property(submenuVisibility),tvshows)</visible>
			<property name="isSubmenu">True</property>
			</item>
		<item id="5">
			<property name="id">$NUMBER[5]</property>
			<property name="mainmenuid">1</property>
			<label>$LOCALIZE[652]</label>
			<label2 />
			<icon>DefaultShortcut.png</icon>
			<thumb />
			<onclick condition="Library.HasContent(TVShows)">ActivateWindow(Videos,videodb://tvshows/years/,return)</onclick>
			<property name="path">ActivateWindow(Videos,videodb://tvshows/years/,return)</property>
			<onclick condition="![Library.HasContent(TVShows)]">ActivateWindow(videos,files,return)</onclick>
			<visible>[String.IsEqual(System.ProfileName,Master user)] + String.IsEqual(Container(9000).ListItem.Property(submenuVisibility),tvshows)</visible>
			<property name="isSubmenu">True</property>
			</item>
		<item id="6">
			<property name="id">$NUMBER[6]</property>
			<property name="mainmenuid">1</property>
			<label>$LOCALIZE[344]</label>
			<label2 />
			<icon>DefaultShortcut.png</icon>
			<thumb />
			<onclick condition="Library.HasContent(TVShows)">ActivateWindow(Videos,videodb://tvshows/actors/,return)</onclick>
			<property name="path">ActivateWindow(Videos,videodb://tvshows/actors/,return)</property>
			<onclick condition="![Library.HasContent(TVShows)]">ActivateWindow(videos,files,return)</onclick>
			<visible>[String.IsEqual(System.ProfileName,Master user)] + String.IsEqual(Container(9000).ListItem.Property(submenuVisibility),tvshows)</visible>
			<property name="isSubmenu">True</property>
			</item>
		<item id="1">
			<property name="id">$NUMBER[1]</property>
			<property name="mainmenuid">2</property>
			<label>$LOCALIZE[130]</label>
			<label2 />
			<icon>DefaultShortcut.png</icon>
			<thumb />
			<onclick>ActivateWindow(SystemInfo)</onclick>
			<property name="path">ActivateWindow(SystemInfo)</property>
			<visible>[String.IsEqual(System.ProfileName,Master user)] + String.IsEqual(Container(9000).ListItem.Property(submenuVisibility),num-13000)</visible>
			<property name="isSubmenu">True</property>
			</item>
		<item id="2">
			<property name="id">$NUMBER[2]</property>
			<property name="mainmenuid">2</property>
			<label>$LOCALIZE[33060]</label>
			<label2 />
			<icon>DefaultShortcut.png</icon>
			<thumb />
			<onclick>ActivateWindow(shutdownmenu)</onclick>
			<property name="path">ActivateWindow(shutdownmenu)</property>
			<visible>[String.IsEqual(System.ProfileName,Master user)] + String.IsEqual(Container(9000).ListItem.Property(submenuVisibility),num-13000)</visible>
			<property name="isSubmenu">True</property>
			</item>
		<item id="3">
			<property name="id">$NUMBER[3]</property>
			<property name="mainmenuid">2</property>
			<label>$LOCALIZE[20077]</label>
			<label2 />
			<icon>DefaultShortcut.png</icon>
			<thumb />
			<onclick>ActivateWindow(SkinSettings)</onclick>
			<property name="path">ActivateWindow(SkinSettings)</property>
			<visible>[String.IsEqual(System.ProfileName,Master user)] + String.IsEqual(Container(9000).ListItem.Property(submenuVisibility),num-13000)</visible>
			<property name="isSubmenu">True</property>
			</item>
		<item id="4">
			<property name="id">$NUMBER[4]</property>
			<property name="mainmenuid">2</property>
			<label>$LOCALIZE[7]</label>
			<label2 />
			<icon>DefaultShortcut.png</icon>
			<thumb />
			<onclick>ActivateWindow(FileManager)</onclick>
			<property name="path">ActivateWindow(FileManager)</property>
			<visible>[String.IsEqual(System.ProfileName,Master user)] + String.IsEqual(Container(9000).ListItem.Property(submenuVisibility),num-13000)</visible>
			<property name="isSubmenu">True</property>
			</item>
		<item id="5">
			<property name="id">$NUMBER[5]</property>
			<property name="mainmenuid">2</property>
			<label>$LOCALIZE[13200]</label>
			<label2 />
			<icon>DefaultShortcut.png</icon>
			<thumb />
			<onclick>ActivateWindow(Profiles)</onclick>
			<property name="path">ActivateWindow(Profiles)</property>
			<visible>[String.IsEqual(System.ProfileName,Master user)] + String.IsEqual(Container(9000).ListItem.Property(submenuVisibility),num-13000)</visible>
			<property name="isSubmenu">True</property>
			</item>
		<item id="6">
			<property name="id">$NUMBER[6]</property>
			<property name="mainmenuid">2</property>
			<label>$LOCALIZE[31159]</label>
			<label2 />
			<icon>DefaultShortcut.png</icon>
			<thumb />
			<visible>[system.getbool(eventlog.enabled)] + String.IsEqual(Container(9000).ListItem.Property(submenuVisibility),num-13000)</visible>
			<onclick>ActivateWindow(Eventlog)</onclick>
			<property name="path">ActivateWindow(Eventlog)</property>
			<visible>String.IsEqual(System.ProfileName,Master user)</visible>
			<property name="isSubmenu">True</property>
			</item>
		<item id="1">
			<property name="id">$NUMBER[1]</property>
			<property name="mainmenuid">3</property>
			<label>$LOCALIZE[13016]</label>
			<label2 />
			<icon>DefaultShortcut.png</icon>
			<thumb />
			<visible>[System.CanPowerDown] + String.IsEqual(Container(9000).ListItem.Property(submenuVisibility),num-33060)</visible>
			<onclick>Powerdown()</onclick>
			<property name="path">Powerdown()</property>
			<visible>String.IsEqual(System.ProfileName,Master user)</visible>
			<property name="isSubmenu">True</property>
			</item>
		<item id="2">
			<property name="id">$NUMBER[2]</property>
			<property name="mainmenuid">3</property>
			<label>$LOCALIZE[13013]</label>
			<label2 />
			<icon>DefaultShortcut.png</icon>
			<thumb />
			<visible>[System.CanReboot] + String.IsEqual(Container(9000).ListItem.Property(submenuVisibility),num-33060)</visible>
			<onclick>Reset()</onclick>
			<property name="path">Reset()</property>
			<visible>String.IsEqual(System.ProfileName,Master user)</visible>
			<property name="isSubmenu">True</property>
			</item>
		<item id="3">
			<property name="id">$NUMBER[3]</property>
			<property name="mainmenuid">3</property>
			<label>$LOCALIZE[13011]</label>
			<label2 />
			<icon>DefaultShortcut.png</icon>
			<thumb />
			<visible>[System.CanSuspend] + String.IsEqual(Container(9000).ListItem.Property(submenuVisibility),num-33060)</visible>
			<onclick>Suspend()</onclick>
			<property name="path">Suspend()</property>
			<visible>String.IsEqual(System.ProfileName,Master user)</visible>
			<property name="isSubmenu">True</property>
			</item>
		<item id="4">
			<property name="id">$NUMBER[4]</property>
			<property name="mainmenuid">3</property>
			<label>$LOCALIZE[13010]</label>
			<label2 />
			<icon>DefaultShortcut.png</icon>
			<thumb />
			<visible>[System.CanHibernate] + String.IsEqual(Container(9000).ListItem.Property(submenuVisibility),num-33060)</visible>
			<onclick>Hibernate()</onclick>
			<property name="path">Hibernate()</property>
			<visible>String.IsEqual(System.ProfileName,Master user)</visible>
			<property name="isSubmenu">True</property>
			</item>
		<item id="5">
			<property name="id">$NUMBER[5]</property>
			<property name="mainmenuid">3</property>
			<label>$LOCALIZE[20126]</label>
			<label2 />
			<icon>DefaultShortcut.png</icon>
			<thumb />
			<visible>[[System.HasLoginScreen | Integer.IsGreater(System.ProfileCount,1)] + System.Loggedon] + String.IsEqual(Container(9000).ListItem.Property(submenuVisibility),num-33060)</visible>
			<onclick>System.LogOff</onclick>
			<property name="path">System.LogOff</property>
			<visible>String.IsEqual(System.ProfileName,Master user)</visible>
			<property name="isSubmenu">True</property>
			</item>
		<item id="6">
			<property name="id">$NUMBER[6]</property>
			<property name="mainmenuid">3</property>
			<label>$LOCALIZE[13009]</label>
			<label2 />
			<icon>DefaultShortcut.png</icon>
			<thumb />
			<visible>[System.ShowExitButton] + String.IsEqual(Container(9000).ListItem.Property(submenuVisibility),num-33060)</visible>
			<onclick>Quit()</onclick>
			<property name="path">Quit()</property>
			<visible>String.IsEqual(System.ProfileName,Master user)</visible>
			<property name="isSubmenu">True</property>
			</item>
		<item id="1">
			<property name="id">$NUMBER[1]</property>
			<property name="mainmenuid">4</property>
			<label>$LOCALIZE[24001]</label>
			<label2 />
			<icon>DefaultShortcut.png</icon>
			<thumb />
			<onclick>ActivateWindow(Pictures,Addons,return)</onclick>
			<property name="path">ActivateWindow(Pictures,Addons,return)</property>
			<visible>[String.IsEqual(System.ProfileName,Master user)] + String.IsEqual(Container(9000).ListItem.Property(submenuVisibility),num-1)</visible>
			<property name="isSubmenu">True</property>
			</item>
		<item id="1">
			<property name="id">$NUMBER[1]</property>
			<property name="mainmenuid">5</property>
			<label>$LOCALIZE[133]</label>
			<label2 />
			<icon>DefaultShortcut.png</icon>
			<thumb />
			<onclick condition="Library.HasContent(Music)">ActivateWindow(Music,musicdb://artists/,return)</onclick>
			<property name="path">ActivateWindow(Music,musicdb://artists/,return)</property>
			<onclick condition="![Library.HasContent(Music)]">ActivateWindow(Music,files)</onclick>
			<visible>[String.IsEqual(System.ProfileName,Master user)] + String.IsEqual(Container(9000).ListItem.Property(submenuVisibility),music)</visible>
			<property name="isSubmenu">True</property>
			</item>
		<item id="2">
			<property name="id">$NUMBER[2]</property>
			<property name="mainmenuid">5</property>
			<label>$LOCALIZE[132]</label>
			<label2 />
			<icon>DefaultShortcut.png</icon>
			<thumb />
			<onclick condition="Library.HasContent(Music)">ActivateWindow(Music,musicdb://albums/,return)</onclick>
			<property name="path">ActivateWindow(Music,musicdb://albums/,return)</property>
			<onclick condition="![Library.HasContent(Music)]">ActivateWindow(Music,files)</onclick>
			<visible>[String.IsEqual(System.ProfileName,Master user)] + String.IsEqual(Container(9000).ListItem.Property(submenuVisibility),music)</visible>
			<property name="isSubmenu">True</property>
			</item>
		<item id="3">
			<property name="id">$NUMBER[3]</property>
			<property name="mainmenuid">5</property>
			<label>$LOCALIZE[134]</label>
			<label2 />
			<icon>DefaultShortcut.png</icon>
			<thumb />
			<onclick condition="Library.HasContent(Music)">ActivateWindow(Music,musicdb://songs/,return)</onclick>
			<property name="path">ActivateWindow(Music,musicdb://songs/,return)</property>
			<onclick condition="![Library.HasContent(Music)]">ActivateWindow(Music,files)</onclick>
			<visible>[String.IsEqual(System.ProfileName,Master user)] + String.IsEqual(Container(9000).ListItem.Property(submenuVisibility),music)</visible>
			<property name="isSubmenu">True</property>
			</item>
		<item id="4">
			<property name="id">$NUMBER[4]</property>
			<property name="mainmenuid">5</property>
			<label>$LOCALIZE[744]</label>
			<label2 />
			<icon>DefaultShortcut.png</icon>
			<thumb />
			<onclick>ActivateWindow(Music,sources://music/,return)</onclick>
			<property name="path">ActivateWindow(Music,sources://music/,return)</property>
			<visible>[String.IsEqual(System.ProfileName,Master user)] + String.IsEqual(Container(9000).ListItem.Property(submenuVisibility),music)</visible>
			<property name="isSubmenu">True</property>
			</item>
		<item id="5">
			<property name="id">$NUMBER[5]</property>
			<property name="mainmenuid">5</property>
			<label>$LOCALIZE[24001]</label>
			<label2 />
			<icon>DefaultShortcut.png</icon>
			<thumb />
			<onclick>ActivateWindow(Music,addons://sources/audio/,return)</onclick>
			<property name="path">ActivateWindow(Music,addons://sources/audio/,return)</property>
			<visible>[String.IsEqual(System.ProfileName,Master user)] + String.IsEqual(Container(9000).ListItem.Property(submenuVisibility),music)</visible>
			<property name="isSubmenu">True</property>
			</item>
		<item id="6">
			<property name="id">$NUMBER[6]</property>
			<property name="mainmenuid">5</property>
			<label>$LOCALIZE[14022]</label>
			<label2 />
			<icon>DefaultShortcut.png</icon>
			<thumb />
			<onclick>ActivateWindow(Music,musicdb://)</onclick>
			<property name="path">ActivateWindow(Music,musicdb://)</property>
			<visible>[String.IsEqual(System.ProfileName,Master user)] + String.IsEqual(Container(9000).ListItem.Property(submenuVisibility),music)</visible>
			<property name="isSubmenu">True</property>
			</item>
		<item id="1">
			<property name="id">$NUMBER[1]</property>
			<property name="mainmenuid">6</property>
			<label>$LOCALIZE[16101]</label>
			<label2 />
			<icon>DefaultShortcut.png</icon>
			<thumb />
			<onclick>ActivateWindow(Videos,special://skin/extras/UnwatchedMovies.xsp,return)</onclick>
			<property name="path">ActivateWindow(Videos,special://skin/extras/UnwatchedMovies.xsp,return)</property>
			<visible>[String.IsEqual(System.ProfileName,Master user)] + String.IsEqual(Container(9000).ListItem.Property(submenuVisibility),num-20342)</visible>
			<property name="isSubmenu">True</property>
			</item>
		<item id="2">
			<property name="id">$NUMBER[2]</property>
			<property name="mainmenuid">6</property>
			<label>$LOCALIZE[575]</label>
			<label2 />
			<icon>DefaultShortcut.png</icon>
			<thumb />
			<onclick>ActivateWindow(Videos,special://skin/extras/InProgressMovies.xsp,return)</onclick>
			<property name="path">ActivateWindow(Videos,special://skin/extras/InProgressMovies.xsp,return)</property>
			<visible>[String.IsEqual(System.ProfileName,Master user)] + String.IsEqual(Container(9000).ListItem.Property(submenuVisibility),num-20342)</visible>
			<property name="isSubmenu">True</property>
			</item>
		<item id="3">
			<property name="id">$NUMBER[3]</property>
			<property name="mainmenuid">6</property>
			<label>$LOCALIZE[31328]</label>
			<label2 />
			<icon>DefaultShortcut.png</icon>
			<thumb />
			<onclick>ActivateWindow(Videos,videodb://recentlyaddedmovies/,return)</onclick>
			<property name="path">ActivateWindow(Videos,videodb://recentlyaddedmovies/,return)</property>
			<visible>[String.IsEqual(System.ProfileName,Master user)] + String.IsEqual(Container(9000).ListItem.Property(submenuVisibility),num-20342)</visible>
			<property name="isSubmenu">True</property>
			</item>
		<item id="4">
			<property name="id">$NUMBER[4]</property>
			<property name="mainmenuid">6</property>
			<label>$LOCALIZE[20434]</label>
			<label2 />
			<icon>DefaultShortcut.png</icon>
			<thumb />
			<visible>[Library.HasContent(MovieSets)] + String.IsEqual(Container(9000).ListItem.Property(submenuVisibility),num-20342)</visible>
			<onclick>ActivateWindow(Videos,videodb://movies/sets/,return)</onclick>
			<property name="path">ActivateWindow(Videos,videodb://movies/sets/,return)</property>
			<visible>String.IsEqual(System.ProfileName,Master user)</visible>
			<property name="isSubmenu">True</property>
			</item>
		<item id="5">
			<property name="id">$NUMBER[5]</property>
			<property name="mainmenuid">6</property>
			<label>$LOCALIZE[135]</label>
			<label2 />
			<icon>DefaultShortcut.png</icon>
			<thumb />
			<onclick condition="Library.HasContent(Movies)">ActivateWindow(Videos,videodb://movies/genres/,return)</onclick>
			<property name="path">ActivateWindow(Videos,videodb://movies/genres/,return)</property>
			<onclick condition="![Library.HasContent(Movies)]">ActivateWindow(videos,files,return)</onclick>
			<visible>[String.IsEqual(System.ProfileName,Master user)] + String.IsEqual(Container(9000).ListItem.Property(submenuVisibility),num-20342)</visible>
			<property name="isSubmenu">True</property>
			</item>
		<item id="6">
			<property name="id">$NUMBER[6]</property>
			<property name="mainmenuid">6</property>
			<label>$LOCALIZE[652]</label>
			<label2 />
			<icon>DefaultShortcut.png</icon>
			<thumb />
			<onclick condition="Library.HasContent(Movies)">ActivateWindow(Videos,videodb://movies/years/,return)</onclick>
			<property name="path">ActivateWindow(Videos,videodb://movies/years/,return)</property>
			<onclick condition="![Library.HasContent(Movies)]">ActivateWindow(videos,files,return)</onclick>
			<visible>[String.IsEqual(System.ProfileName,Master user)] + String.IsEqual(Container(9000).ListItem.Property(submenuVisibility),num-20342)</visible>
			<property name="isSubmenu">True</property>
			</item>
		<item id="7">
			<property name="id">$NUMBER[7]</property>
			<property name="mainmenuid">6</property>
			<label>$LOCALIZE[344]</label>
			<label2 />
			<icon>DefaultShortcut.png</icon>
			<thumb />
			<onclick condition="Library.HasContent(Movies)">ActivateWindow(Videos,videodb://movies/actors/,return)</onclick>
			<property name="path">ActivateWindow(Videos,videodb://movies/actors/,return)</property>
			<onclick condition="![Library.HasContent(Movies)]">ActivateWindow(videos,files,return)</onclick>
			<visible>[String.IsEqual(System.ProfileName,Master user)] + String.IsEqual(Container(9000).ListItem.Property(submenuVisibility),num-20342)</visible>
			<property name="isSubmenu">True</property>
			</item>
		<item id="8">
			<property name="id">$NUMBER[8]</property>
			<property name="mainmenuid">6</property>
			<label>$LOCALIZE[20459]</label>
			<label2 />
			<icon>DefaultShortcut.png</icon>
			<thumb />
			<onclick condition="Library.HasContent(Movies)">ActivateWindow(Videos,videodb://movies/tags/,return)</onclick>
			<property name="path">ActivateWindow(Videos,videodb://movies/tags/,return)</property>
			<onclick condition="![Library.HasContent(Movies)]">ActivateWindow(videos,files,return)</onclick>
			<visible>[String.IsEqual(System.ProfileName,Master user)] + String.IsEqual(Container(9000).ListItem.Property(submenuVisibility),num-20342)</visible>
			<property name="isSubmenu">True</property>
			</item>
		<item id="1">
			<property name="id">$NUMBER[1]</property>
			<property name="mainmenuid">7</property>
			<label>$LOCALIZE[19024]</label>
			<label2 />
			<icon>DefaultShortcut.png</icon>
			<thumb />
			<onclick condition="System.HasPVRAddon">ActivateWindow(RadioChannels)</onclick>
			<property name="path">ActivateWindow(RadioChannels)</property>
			<onclick condition="![System.HasPVRAddon]">ActivateWindow(addonbrowser,addons://repository.xbmc.org/xbmc.pvrclient,return)</onclick>
			<visible>[String.IsEqual(System.ProfileName,Master user)] + String.IsEqual(Container(9000).ListItem.Property(submenuVisibility),num-31502)</visible>
			<property name="isSubmenu">True</property>
			</item>
		<item id="2">
			<property name="id">$NUMBER[2]</property>
			<property name="mainmenuid">7</property>
			<label>$LOCALIZE[19023]</label>
			<label2 />
			<icon>DefaultShortcut.png</icon>
			<thumb />
			<onclick condition="System.HasPVRAddon">ActivateWindow(TVChannels)</onclick>
			<property name="path">ActivateWindow(TVChannels)</property>
			<onclick condition="![System.HasPVRAddon]">ActivateWindow(addonbrowser,addons://repository.xbmc.org/xbmc.pvrclient,return)</onclick>
			<visible>[String.IsEqual(System.ProfileName,Master user)] + String.IsEqual(Container(9000).ListItem.Property(submenuVisibility),num-31502)</visible>
			<property name="isSubmenu">True</property>
			</item>
		<item id="3">
			<property name="id">$NUMBER[3]</property>
			<property name="mainmenuid">7</property>
			<label>$LOCALIZE[19069]</label>
			<label2 />
			<icon>DefaultShortcut.png</icon>
			<thumb />
			<onclick condition="System.HasPVRAddon">ActivateWindow(TVGuide)</onclick>
			<property name="path">ActivateWindow(TVGuide)</property>
			<onclick condition="![System.HasPVRAddon]">ActivateWindow(addonbrowser,addons://repository.xbmc.org/xbmc.pvrclient,return)</onclick>
			<visible>[String.IsEqual(System.ProfileName,Master user)] + String.IsEqual(Container(9000).ListItem.Property(submenuVisibility),num-31502)</visible>
			<property name="isSubmenu">True</property>
			</item>
		<item id="4">
			<property name="id">$NUMBER[4]</property>
			<property name="mainmenuid">7</property>
			<label>$LOCALIZE[19163]</label>
			<label2 />
			<icon>DefaultShortcut.png</icon>
			<thumb />
			<onclick condition="System.HasPVRAddon">ActivateWindow(TVRecordings)</onclick>
			<property name="path">ActivateWindow(TVRecordings)</property>
			<onclick condition="![System.HasPVRAddon]">ActivateWindow(addonbrowser,addons://repository.xbmc.org/xbmc.pvrclient,return)</onclick>
			<visible>[String.IsEqual(System.ProfileName,Master user)] + String.IsEqual(Container(9000).ListItem.Property(submenuVisibility),num-31502)</visible>
			<property name="isSubmenu">True</property>
			</item>
		<item id="5">
			<property name="id">$NUMBER[5]</property>
			<property name="mainmenuid">7</property>
			<label>$LOCALIZE[19040]</label>
			<label2 />
			<icon>DefaultShortcut.png</icon>
			<thumb />
			<onclick condition="System.HasPVRAddon">ActivateWindow(TVTimers)</onclick>
			<property name="path">ActivateWindow(TVTimers)</property>
			<onclick condition="![System.HasPVRAddon]">ActivateWindow(addonbrowser,addons://repository.xbmc.org/xbmc.pvrclient,return)</onclick>
			<visible>[String.IsEqual(System.ProfileName,Master user)] + String.IsEqual(Container(9000).ListItem.Property(submenuVisibility),num-31502)</visible>
			<property name="isSubmenu">True</property>
			</item>
		<item id="1">
			<property name="id">$NUMBER[1]</property>
			<property name="mainmenuid">8</property>
			<label>$LOCALIZE[20342]</label>
			<label2 />
			<icon>DefaultShortcut.png</icon>
			<thumb />
			<onclick condition="Library.HasContent(Movies)">ActivateWindow(Videos,Movies,root)</onclick>
			<property name="path">ActivateWindow(Videos,Movies,root)</property>
			<onclick condition="![Library.HasContent(Movies)]">ActivateWindow(videos,files,return)</onclick>
			<visible>[String.IsEqual(System.ProfileName,Master user)] + String.IsEqual(Container(9000).ListItem.Property(submenuVisibility),videos)</visible>
			<property name="isSubmenu">True</property>
			</item>
		<item id="2">
			<property name="id">$NUMBER[2]</property>
			<property name="mainmenuid">8</property>
			<label>$LOCALIZE[20343]</label>
			<label2 />
			<icon>DefaultShortcut.png</icon>
			<thumb />
			<onclick condition="Library.HasContent(TVShows)">ActivateWindow(Videos,TvShows,root)</onclick>
			<property name="path">ActivateWindow(Videos,TvShows,root)</property>
			<onclick condition="![Library.HasContent(TVShows)]">ActivateWindow(videos,files,return)</onclick>
			<visible>[String.IsEqual(System.ProfileName,Master user)] + String.IsEqual(Container(9000).ListItem.Property(submenuVisibility),videos)</visible>
			<property name="isSubmenu">True</property>
			</item>
		<item id="3">
			<property name="id">$NUMBER[3]</property>
			<property name="mainmenuid">8</property>
			<label>$LOCALIZE[24001]</label>
			<label2 />
			<icon>DefaultShortcut.png</icon>
			<thumb />
			<onclick>ActivateWindow(Videos,Addons,return)</onclick>
			<property name="path">ActivateWindow(Videos,Addons,return)</property>
			<visible>[String.IsEqual(System.ProfileName,Master user)] + String.IsEqual(Container(9000).ListItem.Property(submenuVisibility),videos)</visible>
			<property name="isSubmenu">True</property>
			</item>
		<item id="4">
			<property name="id">$NUMBER[4]</property>
			<property name="mainmenuid">8</property>
			<label>$LOCALIZE[744]</label>
			<label2 />
			<icon>DefaultShortcut.png</icon>
			<thumb />
			<onclick>ActivateWindow(Videos,Files,return)</onclick>
			<property name="path">ActivateWindow(Videos,Files,return)</property>
			<visible>[String.IsEqual(System.ProfileName,Master user)] + String.IsEqual(Container(9000).ListItem.Property(submenuVisibility),videos)</visible>
			<property name="isSubmenu">True</property>
			</item>
		<item id="5">
			<property name="id">$NUMBER[5]</property>
			<property name="mainmenuid">8</property>
			<label>$LOCALIZE[136]</label>
			<label2 />
			<icon>DefaultShortcut.png</icon>
			<thumb />
			<onclick>ActivateWindow(Videos,Playlists,return)</onclick>
			<property name="path">ActivateWindow(Videos,Playlists,return)</property>
			<visible>[String.IsEqual(System.ProfileName,Master user)] + String.IsEqual(Container(9000).ListItem.Property(submenuVisibility),videos)</visible>
			<property name="isSubmenu">True</property>
			</item>
		<item id="6">
			<property name="id">$NUMBER[6]</property>
			<property name="mainmenuid">8</property>
			<label>$LOCALIZE[14022]</label>
			<label2 />
			<icon>DefaultShortcut.png</icon>
			<thumb />
			<onclick>ActivateWindow(Videos,Root)</onclick>
			<property name="path">ActivateWindow(Videos,Root)</property>
			<visible>[String.IsEqual(System.ProfileName,Master user)] + String.IsEqual(Container(9000).ListItem.Property(submenuVisibility),videos)</visible>
			<property name="isSubmenu">True</property>
			</item>
		<item id="1">
			<property name="id">$NUMBER[1]</property>
			<property name="mainmenuid">9</property>
			<label>$LOCALIZE[1038]</label>
			<label2 />
			<icon>DefaultShortcut.png</icon>
			<thumb />
			<onclick>ActivateWindow(Music,Addons,return)</onclick>
			<property name="path">ActivateWindow(Music,Addons,return)</property>
			<visible>[String.IsEqual(System.ProfileName,Master user)] + String.IsEqual(Container(9000).ListItem.Property(submenuVisibility),num-31957)</visible>
			<property name="isSubmenu">True</property>
			</item>
		<item id="2">
			<property name="id">$NUMBER[2]</property>
			<property name="mainmenuid">9</property>
			<label>$LOCALIZE[1037]</label>
			<label2 />
			<icon>DefaultShortcut.png</icon>
			<thumb />
			<onclick>ActivateWindow(Videos,Addons,return)</onclick>
			<property name="path">ActivateWindow(Videos,Addons,return)</property>
			<visible>[String.IsEqual(System.ProfileName,Master user)] + String.IsEqual(Container(9000).ListItem.Property(submenuVisibility),num-31957)</visible>
			<property name="isSubmenu">True</property>
			</item>
		<item id="3">
			<property name="id">$NUMBER[3]</property>
			<property name="mainmenuid">9</property>
			<label>$LOCALIZE[10040]</label>
			<label2 />
			<icon>DefaultShortcut.png</icon>
			<thumb />
			<onclick>ActivateWindow(Addonbrowser)</onclick>
			<property name="path">ActivateWindow(Addonbrowser)</property>
			<visible>[String.IsEqual(System.ProfileName,Master user)] + String.IsEqual(Container(9000).ListItem.Property(submenuVisibility),num-31957)</visible>
			<property name="isSubmenu">True</property>
			</item>
		<item id="4">
			<property name="id">$NUMBER[4]</property>
			<property name="mainmenuid">9</property>
			<label>$LOCALIZE[1043]</label>
			<label2 />
			<icon>DefaultShortcut.png</icon>
			<thumb />
			<onclick>ActivateWindow(Programs,Addons,return)</onclick>
			<property name="path">ActivateWindow(Programs,Addons,return)</property>
			<visible>[String.IsEqual(System.ProfileName,Master user)] + String.IsEqual(Container(9000).ListItem.Property(submenuVisibility),num-31957)</visible>
			<property name="isSubmenu">True</property>
			</item>
		<item id="5">
			<property name="id">$NUMBER[5]</property>
			<property name="mainmenuid">9</property>
			<label>$LOCALIZE[1039]</label>
			<label2 />
			<icon>DefaultShortcut.png</icon>
			<thumb />
			<onclick>ActivateWindow(Pictures,Addons,return)</onclick>
			<property name="path">ActivateWindow(Pictures,Addons,return)</property>
			<visible>[String.IsEqual(System.ProfileName,Master user)] + String.IsEqual(Container(9000).ListItem.Property(submenuVisibility),num-31957)</visible>
			<property name="isSubmenu">True</property>
			</item>
		<item id="1">
			<property name="id">$NUMBER[1]</property>
			<property name="mainmenuid">12</property>
			<label>$LOCALIZE[31485]</label>
			<label2 />
			<icon>DefaultShortcut.png</icon>
			<thumb />
			<onclick>EjectTray()</onclick>
			<property name="path">EjectTray()</property>
			<visible>[String.IsEqual(System.ProfileName,Master user)] + String.IsEqual(Container(9000).ListItem.Property(submenuVisibility),num-31958)</visible>
			<property name="isSubmenu">True</property>
			</item>
		<item id="2">
			<property name="id">$NUMBER[2]</property>
			<property name="mainmenuid">12</property>
			<label>$LOCALIZE[600]</label>
			<label2 />
			<icon>DefaultShortcut.png</icon>
			<thumb />
			<visible>[System.HasMediaAudioCD] + String.IsEqual(Container(9000).ListItem.Property(submenuVisibility),num-31958)</visible>
			<onclick>RipCD</onclick>
			<property name="path">RipCD</property>
			<visible>String.IsEqual(System.ProfileName,Master user)</visible>
			<property name="isSubmenu">True</property>
			</item>
		<item id="1">
			<property name="id">$NUMBER[1]</property>
			<property name="mainmenuid">15</property>
			<label>$LOCALIZE[133]</label>
			<label2 />
			<icon>DefaultShortcut.png</icon>
			<thumb />
			<onclick condition="Library.HasContent(MusicVideos)">ActivateWindow(Videos,videodb://musicvideos/artists/,return)</onclick>
			<property name="path">ActivateWindow(Videos,videodb://musicvideos/artists/,return)</property>
			<onclick condition="![Library.HasContent(MusicVideos)]">ActivateWindow(videos,files,return)</onclick>
			<visible>[String.IsEqual(System.ProfileName,Master user)] + String.IsEqual(Container(9000).ListItem.Property(submenuVisibility),musicvideos)</visible>
			<property name="isSubmenu">True</property>
			</item>
		<item id="2">
			<property name="id">$NUMBER[2]</property>
			<property name="mainmenuid">15</property>
			<label>$LOCALIZE[135]</label>
			<label2 />
			<icon>DefaultShortcut.png</icon>
			<thumb />
			<onclick condition="Library.HasContent(MusicVideos)">ActivateWindow(Videos,videodb://musicvideos/genres,return)</onclick>
			<property name="path">ActivateWindow(Videos,videodb://musicvideos/genres,return)</property>
			<onclick condition="![Library.HasContent(MusicVideos)]">ActivateWindow(videos,files,return)</onclick>
			<visible>[String.IsEqual(System.ProfileName,Master user)] + String.IsEqual(Container(9000).ListItem.Property(submenuVisibility),musicvideos)</visible>
			<property name="isSubmenu">True</property>
			</item>
		<item id="3">
			<property name="id">$NUMBER[3]</property>
			<property name="mainmenuid">15</property>
			<label>$LOCALIZE[31328]</label>
			<label2 />
			<icon>DefaultShortcut.png</icon>
			<thumb />
			<onclick>ActivateWindow(Videos,videodb://recentlyaddedmusicvideos/,return)</onclick>
			<property name="path">ActivateWindow(Videos,videodb://recentlyaddedmusicvideos/,return)</property>
			<visible>[String.IsEqual(System.ProfileName,Master user)] + String.IsEqual(Container(9000).ListItem.Property(submenuVisibility),musicvideos)</visible>
			<property name="isSubmenu">True</property>
			</item>
		<item id="4">
			<property name="id">$NUMBER[4]</property>
			<property name="mainmenuid">15</property>
			<label>$LOCALIZE[652]</label>
			<label2 />
			<icon>DefaultShortcut.png</icon>
			<thumb />
			<onclick condition="Library.HasContent(MusicVideos)">ActivateWindow(Videos,videodb://musicvideos/years/,return)</onclick>
			<property name="path">ActivateWindow(Videos,videodb://musicvideos/years/,return)</property>
			<onclick condition="![Library.HasContent(MusicVideos)]">ActivateWindow(videos,files,return)</onclick>
			<visible>[String.IsEqual(System.ProfileName,Master user)] + String.IsEqual(Container(9000).ListItem.Property(submenuVisibility),musicvideos)</visible>
			<property name="isSubmenu">True</property>
			</item>
		<item id="5">
			<property name="id">$NUMBER[5]</property>
			<property name="mainmenuid">15</property>
			<label>$LOCALIZE[20459]</label>
			<label2 />
			<icon>DefaultShortcut.png</icon>
			<thumb />
			<onclick condition="Library.HasContent(MusicVideos)">ActivateWindow(Videos,videodb://musicvideos/tags/,return)</onclick>
			<property name="path">ActivateWindow(Videos,videodb://musicvideos/tags/,return)</property>
			<onclick condition="![Library.HasContent(MusicVideos)]">ActivateWindow(videos,files,return)</onclick>
			<visible>[String.IsEqual(System.ProfileName,Master user)] + String.IsEqual(Container(9000).ListItem.Property(submenuVisibility),musicvideos)</visible>
			<property name="isSubmenu">True</property>
			</item>
		</include>
	<include />
	<include name="skinshortcuts-submenu-1" />
	<include />
	<include name="skinshortcuts-submenu-2" />
	<include name="skinshortcuts-template-widget1">
		<include condition="String.IsEqual(System.ProfileName,Master user)">skinshortcuts-template-widget1-Master user</include>
		</include>
	<include name="skinshortcuts-template-widget1-Master user">
		<control type="group">
			<visible>String.IsEqual(Container(9000).ListItem.Property(submenuVisibility),num-20342)</visible>
			<control type="group">
				<visible>Integer.IsGreater(Container(80116).NumItems,0)</visible>
				<control type="group">
					<top>457</top>
					<control type="group">
						<include condition="!String.IsEmpty(Skin.String(Widget.Trans))">HomeWidgetFade</include>
						<centerleft>50%</centerleft>
						<top>-21</top>
						<width>1472.5</width>
						<height>276</height>
						<control type="image">
							<width>1472.5</width>
							<height>276</height>
							<texture colordiffuse="$VAR[HomeWidgetBackColor]" border="40">$VAR[HomeWidgetBackgroundVar]</texture>
							<visible>Skin.HasSetting(Enable.GlobalWidgetBack)</visible>
							</control>
						<control type="image">
							<width>1472.5</width>
							<height>276</height>
							<texture colordiffuse="FF0B0B0B" border="40">homewidgets/bg_default.png</texture>
							<visible>!Skin.HasSetting(Enable.GlobalWidgetBack)</visible>
							</control>
						</control>
					<include content="PanelLabel">
						<param name="id">80116</param>
						<param name="Label">31031</param>
						<param name="Title">$VAR[HomeWidgetInfoTitleVar]</param>
						<param name="labelFont">font13_title</param>
						<param name="labelBottom">252</param>
						<param name="labelWidth">710</param>
						<param name="labelLeft">243</param>
						<param name="labelRight">965.5</param>
						<param name="labelTitle">false</param>
						</include>
					</control>
				</control>
			<control type="group">
				<top>457</top>
				<control type="panel" id="80116">
					<left>242.5</left>
					<width>1435</width>
					<height>233</height>
					<orientation>horizontal</orientation>
					<preloaditems>2</preloaditems>
					<scrolltime tween="quadratic" easing="out">300</scrolltime>
					<include>skinshortcuts-template-HorizontalNavigation1</include>
					<include content="PortraitArt">
						<param name="containerWidth">159.4</param>
						<param name="containerHeight">233</param>
						<param name="Texture">$VAR[PosterThumbVar]</param>
						<param name="leftArt">6.5</param>
						<param name="topArt">19</param>
						<param name="widthArt">146.4</param>
						<param name="heightArt">211</param>
						<param name="topFakeDiscArt">10.75</param>
						<param name="leftCase">2.5</param>
						<param name="topCase">0</param>
						<param name="widthCase">154.4</param>
						<param name="heightCase">233</param>
						<param name="labelHeight">5</param>
						<param name="labelFont">font11</param>
						<param name="fallbackFont">fontCDalbum</param>
						<param name="fallbackVisible">false</param>
						<param name="Aspect">stretch</param>
						<param name="Aligny">top</param>
						<param name="Diffuse" />
						<param name="Case">homewidgets/cases/default/poster/$VAR[GlobalCaseVar]</param>
						<param name="labelVisible">false</param>
						<param name="labelFocusVisible">false</param>
						<param name="isWeather">false</param>
						<param name="weatherTop" />
						<param name="weatherHeight" />
						<param name="weatherTop1" />
						<param name="weatherTop2" />
						<param name="weatherTop3" />
						<param name="weatherFont">font12</param>
						</include>
					<content target="videos" sortby="" sortorder="" limit="">special://skin/extras/playlists/randommovies.xsp</content>
					</control>
				</control>
			</control>
		</include>
	<include name="skinshortcuts-template-HorizontalNavigation1">
		<include condition="String.IsEqual(System.ProfileName,Master user)">skinshortcuts-template-HorizontalNavigation1-Master user</include>
		</include>
	<include name="skinshortcuts-template-HorizontalNavigation1-Master user">
		<onup condition="!String.IsEqual(Skin.String(MainMenu.Layout),vertical) + Control.IsVisible(90020) + !Skin.HasSetting(centermainmenu)">90020</onup>
		<onup condition="String.IsEqual(Skin.String(MainMenu.Layout),vertical) + [Control.IsVisible(9027) | System.HasMediaDVD]">9020</onup>
		<onup condition="String.IsEqual(Skin.String(MainMenu.Layout),vertical) + ![Control.IsVisible(9027) | System.HasMediaDVD]">9000</onup>
		<ondown condition="!String.IsEqual(Skin.String(MainMenu.Layout),vertical) + ![System.HasMediaDVD | Control.IsVisible(9027)]">9000</ondown>
		<ondown condition="!String.IsEqual(Skin.String(MainMenu.Layout),vertical) + [System.HasMediaDVD | Control.IsVisible(9027)]">9020</ondown>
		<ondown condition="String.IsEqual(Skin.String(MainMenu.Layout),vertical) + Control.IsVisible(90020)">90020</ondown>
		<ondown condition="String.IsEqual(Skin.String(MainMenu.Layout),vertical) + !Control.IsVisible(90020) + [Control.IsVisible(9027) | System.HasMediaDVD]">9020</ondown>
		<ondown condition="String.IsEqual(Skin.String(MainMenu.Layout),vertical) + !Control.IsVisible(90020) + ![Control.IsVisible(9027) | System.HasMediaDVD]">9000</ondown>
		<onleft condition="String.IsEqual(Skin.String(MainMenu.Layout),vertical)">9000</onleft>
		<onback>9000</onback>
		</include>
	<include name="skinshortcuts-template-widget2">
		<description>This include was built automatically as the template didn't match any menu items</description>
		</include>
	<include name="skinshortcuts-template-HorizontalNavigation2">
		<description>This include was built automatically as the template didn't match any menu items</description>
		</include>
	<include name="skinshortcuts-template-WidgetPoster">
		<description>This include was built automatically as the template didn't match any menu items</description>
		</include>
	<include name="skinshortcuts-template-WidgetPoster.2">
		<description>This include was built automatically as the template didn't match any menu items</description>
		</include>
	<include name="skinshortcuts-template-WidgetFanArt">
		<description>This include was built automatically as the template didn't match any menu items</description>
		</include>
	<include name="skinshortcuts-template-WidgetFanArt.2">
		<description>This include was built automatically as the template didn't match any menu items</description>
		</include>
	<include name="skinshortcuts-template-WidgetLandscape">
		<description>This include was built automatically as the template didn't match any menu items</description>
		</include>
	<include name="skinshortcuts-template-WidgetLandscape.2">
		<description>This include was built automatically as the template didn't match any menu items</description>
		</include>
	<include name="skinshortcuts-template-WidgetClearArt">
		<description>This include was built automatically as the template didn't match any menu items</description>
		</include>
	<include name="skinshortcuts-template-WidgetClearArt.2">
		<description>This include was built automatically as the template didn't match any menu items</description>
		</include>
	<include name="skinshortcuts-template-WidgetClearLogo">
		<description>This include was built automatically as the template didn't match any menu items</description>
		</include>
	<include name="skinshortcuts-template-WidgetClearLogo.2">
		<description>This include was built automatically as the template didn't match any menu items</description>
		</include>
	<include name="skinshortcuts-template-WidgetThumb">
		<description>This include was built automatically as the template didn't match any menu items</description>
		</include>
	<include name="skinshortcuts-template-WidgetThumb.2">
		<description>This include was built automatically as the template didn't match any menu items</description>
		</include>
	<include name="skinshortcuts-template-WidgetCharacterArt">
		<description>This include was built automatically as the template didn't match any menu items</description>
		</include>
	<include name="skinshortcuts-template-WidgetCharacterArt.2">
		<description>This include was built automatically as the template didn't match any menu items</description>
		</include>
	<include name="skinshortcuts-template-WidgetBanner">
		<description>This include was built automatically as the template didn't match any menu items</description>
		</include>
	<include name="skinshortcuts-template-WidgetBanner.2">
		<description>This include was built automatically as the template didn't match any menu items</description>
		</include>
	<include name="skinshortcuts-template-WidgetTitle">
		<description>This include was built automatically as the template didn't match any menu items</description>
		</include>
	<include name="skinshortcuts-template-WidgetTitle.2">
		<description>This include was built automatically as the template didn't match any menu items</description>
		</include>
	<include name="skinshortcuts-template-WidgetTitle2">
		<description>This include was built automatically as the template didn't match any menu items</description>
		</include>
	<include name="skinshortcuts-template-WidgetTitle2.2">
		<description>This include was built automatically as the template didn't match any menu items</description>
		</include>
	<include name="skinshortcuts-template-WeatherForecastContent">
		<description>This include was built automatically as the template didn't match any menu items</description>
		</include>
	<include name="skinshortcuts-template-WeatherTodayContent">
		<description>This include was built automatically as the template didn't match any menu items</description>
		</include>
	<include name="skinshortcuts-template-WeatherTomorrowContent">
		<description>This include was built automatically as the template didn't match any menu items</description>
		</include>
	<include name="skinshortcuts-template-SystemContent">
		<description>This include was built automatically as the template didn't match any menu items</description>
		</include>
	<include name="skinshortcuts-template-SystemUptime">
		<description>This include was built automatically as the template didn't match any menu items</description>
		</include>
	<include name="skinshortcuts-template-SystemBattery">
		<description>This include was built automatically as the template didn't match any menu items</description>
		</include>
	<include name="skinshortcuts-template-SystemNetwork">
		<description>This include was built automatically as the template didn't match any menu items</description>
		</include>
	<include name="skinshortcuts-template-SystemVideo">
		<description>This include was built automatically as the template didn't match any menu items</description>
		</include>
	<include name="skinshortcuts-template-SystemCPU">
		<description>This include was built automatically as the template didn't match any menu items</description>
		</include>
	<include name="skinshortcuts-template-SystemMemory">
		<description>This include was built automatically as the template didn't match any menu items</description>
		</include>
	<include name="skinshortcuts-template-SystemStorage">
		<description>This include was built automatically as the template didn't match any menu items</description>
		</include>
	<include name="skinshortcuts-template-SystemPVR">
		<description>This include was built automatically as the template didn't match any menu items</description>
		</include>
	<include name="skinshortcuts-template-SystemVersion">
		<description>This include was built automatically as the template didn't match any menu items</description>
		</include>
	<include name="skinshortcuts-template-NextAiredWidgetContent">
		<description>This include was built automatically as the template didn't match any menu items</description>
		</include>
	</includes>
