<?xml version="1.0" encoding="UTF-8" standalone="yes"?>
<addon id="plugin.video.fuzzybritches_v3" version="1.0.9" name="[COLOR crimson]• [/COLOR]Fuzzy Britches v3[COLOR crimson] •[/COLOR]" provider-name="The Papaw">
    <requires>
        <import addon="script.fuzzybritches_v3.artwork" />
        <import addon="script.module.fuzzybritchesv3scrapers" />
        <import addon="script.module.resolveurl" />
        <import addon="script.module.requests" />
        <import addon="script.module.six" />
        <import addon="script.module.kodi-six" />
        <import addon="script.module.simplejson" />
        <import addon="plugin.video.youtube" optional="true" />
    </requires>
    <extension library="fuzzybritches_v3.py" point="xbmc.python.pluginsource">
        <provides>video</provides>
    </extension>
    <extension library="service.py" point="xbmc.service" start="startup" />
    <extension point="xbmc.addon.metadata">
        <reuselanguageinvoker>false</reuselanguageinvoker>
		<news>See the Changelog in the Tools Menu for more News.[CR]If you would like to show your appreciation for the time and efforts I put into these projects, please buy me [B][COLOR deepskyblue]a cup of coffee[/COLOR][/B] by scanning the QR code or visiting [COLOR deepskyblue]bit.ly/3Lb5nd5[/COLOR].[CR][CR][COLOR gold]Latest Update:[/COLOR][CR]v1.0.9[CR] - Added QR support code</news>
        <summary lang="en_GB">FB v3 allows you to stream almost any movie or show. No subscriptions needed. Add shows to your library and it will update itself.</summary>
        <description lang="en_GB">[CR]If you would like to show your appreciation for the time and efforts I put into these projects, please scan the "Coffee Cup" (QR code) above and buy me [COLOR deepskyblue]a cup of coffee[/COLOR] or subscribe for access to "What's Next" and all future updates.[CR][CR][COLOR limegreen]Generosity like yours is rare to find these days. I thank you in advance for your support. I am very grateful for EVERY donation and truly appreciate your kindness![/COLOR][COLOR deepskyblue]  • The Papaw[/COLOR]</description>
        <platform>all</platform>
        <license>CC BY-NC-SA 4.0</license>
        <forum></forum>
		<website>https://github.com/ThePapaw/psmc-20</website>
		<source>https://github.com/ThePapaw/psmc-20</source>
        <disclaimer lang="en_GB">The author of this add-on does not host any of the content which is found and has no affiliation with any of the content providers. This add-on simply searches websites for content. Use at your own risk![CR]This project uses API's from TMDb, Trakt, Fanart.tv, but is not affiliated nor endorsed by any of their respective ogranizations.[CR]Please support them accordingly.</disclaimer>
        <assets>
			<icon>icon.png</icon>
			<icon>icon.gif</icon>
			<fanart>fanart.jpg</fanart>
			<screenshot>support/screenshot-01.jpg</screenshot>
			<screenshot>support/bmc-qr.jpg</screenshot>
        </assets>
    </extension>
</addon>
