<?xml version="1.0" encoding="UTF-8" standalone="yes"?>
<addon id="repository.psmc-20" name="PSMC-20 Repository" version="1.0.9" provider-name="The Papaw">
    <requires>
        <import addon="xbmc.addon" version="12.0.0"/>
    </requires>
    <extension point="xbmc.addon.repository" name="PSMC Repository">
		<dir>
			<info compressed="false">https://raw.githubusercontent.com/thepapaw/psmc-20/master/_zips/addons.xml</info>
			<checksum>https://raw.githubusercontent.com/thepapaw/psmc-20/master/_zips/addons.xml.md5</checksum>
			<datadir zip="true">https://raw.githubusercontent.com/thepapaw/psmc-20/master/_zips/</datadir>
			<hashes>false</hashes>
		</dir>
    </extension>
    <extension point="xbmc.addon.metadata">
        <summary>The Official Repo for PSMC-20</summary>
        <description>[CR]This is the "Official" repository for PSMC-20 (Papaw's Son Media Center). Providing skins, tools, gaming, and streaming addons for PSMC-20 or Kodi.[CR][CR]If you would like to show your appreciation for the time and efforts I put into these projects, please buy me [B][COLOR deepskyblue]"a cup of coffee"[/COLOR][/B] by scanning the QR code or visiting [COLOR deepskyblue]bit.ly/3Lb5nd5[/COLOR]. [CR][CR][COLOR limegreen](Generosity like yours is rare to find these days. I thank you in advance for your support. I am very grateful for EVERY donation and truly appreciate your kindness!)[/COLOR][COLOR skyblue]  • The Papaw[/COLOR]</description>
        <platform>all</platform>
		<license>CC BY-NC-SA 4.0</license>
		<forum></forum>
		<website>https://github.com/ThePapaw/psmc-20</website>
		<source>https://github.com/ThePapaw/psmc-20</source>
		<video_guide></video_guide>
        <genre>movies,tv,streaming,gaming,usa</genre>
		<assets>
			<icon>icon.png</icon>
			<fanart>fanart.jpg</fanart>
            <screenshot>resources/screenshot-01.jpg</screenshot>
			<screenshot>resources/bmc.jpg</screenshot>
		</assets>
		<news>If you would like to show your appreciation for the time and efforts I put into these projects, please buy me [B][COLOR deepskyblue]"a cup of coffee"[/COLOR][/B] by visiting [COLOR deepskyblue]bit.ly/3Lb5nd5[/COLOR].[CR][CR][COLOR gold]Latest Update:[/COLOR][CR]v1.0.9[CR] - Added Support QR Code</news>
    </extension>
</addon>