<?xml version="1.0" encoding="UTF-8" standalone="yes"?>
<addon id="script.fuzzybritches_v3.artwork" version="1.1.0" name="Fuzzy Britches v3 Artwork" provider-name="The Papaw">
    <requires></requires>
    <extension point="xbmc.python.module" library="lib" />
    <extension point="xbmc.addon.metadata">
        <news>See the Changelog in the Tools Menu for more News.[CR]If you would like to show your appreciation for the time and efforts I put into these projects, please buy me [B][COLOR deepskyblue]a cup of coffee[/COLOR][/B] by scanning the QR code or visiting [COLOR deepskyblue]bit.ly/3Lb5nd5[/COLOR].[CR][CR][COLOR gold]Latest Update:[/COLOR][CR]v1.1.0[CR] - Added QR support code</news>
		<summary lang="en_GB">Artwork for Fuzzy Britches v3</summary>
        <description lang="en_GB">Fuzzy Britches v3 Artwork is part of Fuzzy Britches v3 and the PSMC Collection[CR]If you would like to show your appreciation for the time and efforts I put into these projects, please scan the "Coffee Cup" (QR code) above and buy me [COLOR deepskyblue]a cup of coffee[/COLOR] or subscribe for access to "What's Next" and all future updates.[CR][CR][COLOR limegreen]Generosity like yours is rare to find these days. I thank you in advance for your support. I am very grateful for EVERY donation and truly appreciate your kindness![/COLOR][COLOR deepskyblue]  • The Papaw[/COLOR]</description>
        <platform>all</platform>
        <license>CC BY-NC-SA 4.0</license>
        <forum></forum>
		<website>https://github.com/ThePapaw/psmc-20</website>
		<source>https://github.com/ThePapaw/psmc-20</source>
        <disclaimer lang="en_GB">The author of this add-on does not host any of the content which is found and has no affiliation with any of the content providers. This add-on simply searches websites for content. Use at your own risk![CR]This project uses API's from TMDb, Trakt, Fanart.tv, but is not affiliated nor endorsed by any of their respective ogranizations.[CR]Please support them accordingly.</disclaimer>
        <assets>
			<icon>icon.png</icon>
			<icon>icon.gif</icon>
			<fanart>fanart.jpg</fanart>
			<screenshot>support/screenshot-01.jpg</screenshot>
			<screenshot>support/bmc-qr.jpg</screenshot>
        </assets>
        
    </extension>
</addon>
