<?xml version="1.0" encoding="UTF-8"?>
<addon id="resource.uisounds.psmc-scoobydoo" version="1.2.0" name="GUI Sounds for PSMC's Scooby-Doo Skin" provider-name="The Papaw">
  <requires>
    <import addon="kodi.resource" version="1.0.0"/>
  </requires>
  <extension point="kodi.resource.uisounds"/>
  <extension point="kodi.addon.metadata">  
	<news>If you would like to show your appreciation for the time and efforts I put into these projects, please buy me [B][COLOR deepskyblue]"a cup of coffee"[/COLOR][/B] by scanning the QR code or visiting [COLOR deepskyblue]bit.ly/3Lb5nd5[/COLOR].[CR][CR][COLOR gold]Latest Update:[/COLOR][CR]v1.2.0[CR] - Cosmetic changes</news>
	<summary lang="en">GUI Sounds for the PSMC's Scooby-Doo skin.</summary>
	<description lang="en">These GUI sounds were created for use with the PSMC's Scooby-Doo skin provided by The Papaw. [CR][CR]If you would like to show your appreciation for the time and efforts I put into these projects, please scan the "Coffee Cup" (QR code) above and buy me [COLOR deepskyblue]a cup of coffee[/COLOR] or subscribe for access to "What's Next" and all future updates.[CR][CR][COLOR limegreen]Generosity like yours is rare to find these days. I thank you in advance for your support. I am very grateful for EVERY donation and truly appreciate your kindness![/COLOR][COLOR skyblue]  • The Papaw[/COLOR]</description>
	<platform>all</platform>
	<license>CC BY-NC-SA 4.0</license>
	<forum></forum>   
	<website>https://github.com/ThePapaw/psmc-20</website>
	<source>https://github.com/ThePapaw/psmc-20</source>
	<assets>
		<icon>icon.png</icon>
		<fanart>fanart.jpg</fanart>
		<screenshot>support/screenshot-01.jpg</screenshot>
		<screenshot>support/bmc-qr.jpg</screenshot>
	</assets>
  </extension>
</addon>
