<?xml version="1.0" encoding="UTF-8"?>
<addon id="resource.uisounds.pazr" version="1.0.1" name="Papaws AZR Redux GUI Sounds" provider-name="The Papaw">
  <requires>
    <import addon="kodi.resource" version="1.0.0"/>
  </requires>
  <extension point="kodi.resource.uisounds"/>
  <extension point="kodi.addon.metadata">
    <summary lang="en">GUI sounds for the Papaws AZR Redux skin</summary>
    <description lang="en">GUI sounds for the Papaws AZR Redux skin. [CR][CR]If you would like to show your appreciation for the time and efforts I put into these projects, please scan the "Coffee Cup" (QC code) above and buy me a cup of coffee or subscribe for access to "What's Next" and all future updates. [COLOR limegreen] (Generosity like yours is rare to find these days. I thank you in advance for your support. I am very grateful for your donation and truly appreciate your kindness!)[/COLOR][COLOR skyblue]  • The Papaw[/COLOR]</description>
    <platform>all</platform>
    <assets>
      <icon>icon.png</icon>
	  <fanart>fanart.jpg</fanart>
	  <screenshot>support/screenshot-01.jpg</screenshot>
	  <screenshot>support/bmc-qr.jpg</screenshot>
    </assets>
  </extension>
</addon>
