<includes>
	<include name="skinshortcuts-mainmenu">
		<item id="1">
			<property name="id">$NUMBER[1]</property>
			<label>$LOCALIZE[20343]</label>
			<label2 />
			<icon>special://skin/extras/icons/DefaultTVShows.png</icon>
			<thumb />
			<property name="widgetName">31539</property>
			<property name="widgetType">tvshows</property>
			<property name="InfoLine">31053</property>
			<property name="widgetStyle">Compact Panel</property>
			<property name="widgetPanelInfo">true</property>
			<property name="widgetHide">true</property>
			<onclick condition="String.IsEqual(ListItem.Property(path),ActivateWindow(1129))">SetProperty(CustomSelectSearch,True,Home)</onclick>
			<onclick condition="Library.HasContent(TVShows)">ActivateWindow(Videos,videodb://tvshows/titles/,return)</onclick>
			<property name="path">ActivateWindow(Videos,videodb://tvshows/titles/,return)</property>
			<onclick condition="![Library.HasContent(TVShows)]">ActivateWindow(videos,files,return)</onclick>
			<visible>String.IsEqual(System.ProfileName,Master user)</visible>
			<property name="submenuVisibility">tvshows</property>
			<property name="hasSubmenu">True</property>
			</item>
		<item id="2">
			<property name="id">$NUMBER[2]</property>
			<label>$LOCALIZE[13000]</label>
			<label2 />
			<icon>special://skin/extras/icons/DefaultAddonService.png</icon>
			<thumb />
			<property name="InfoLine">130</property>
			<property name="widgetName">130</property>
			<property name="widgetType">system</property>
			<property name="widgetStyle">Panel</property>
			<onclick condition="String.IsEqual(ListItem.Property(path),ActivateWindow(1129))">SetProperty(CustomSelectSearch,True,Home)</onclick>
			<onclick>ActivateWindow(Settings)</onclick>
			<property name="path">ActivateWindow(Settings)</property>
			<visible>String.IsEqual(System.ProfileName,Master user)</visible>
			<property name="submenuVisibility">num-13000</property>
			<property name="hasSubmenu">True</property>
			</item>
		<item id="3">
			<property name="id">$NUMBER[3]</property>
			<label>$LOCALIZE[33060]</label>
			<label2 />
			<icon>special://skin/extras/icons/power.png</icon>
			<thumb />
			<onclick condition="String.IsEqual(ListItem.Property(path),ActivateWindow(1129))">SetProperty(CustomSelectSearch,True,Home)</onclick>
			<onclick>ActivateWindow(shutdownmenu)</onclick>
			<property name="path">ActivateWindow(shutdownmenu)</property>
			<visible>String.IsEqual(System.ProfileName,Master user)</visible>
			<property name="submenuVisibility">num-33060</property>
			<property name="hasSubmenu">True</property>
			</item>
		<item id="4">
			<property name="id">$NUMBER[4]</property>
			<label>$LOCALIZE[1]</label>
			<label2 />
			<icon>special://skin/extras/icons/DefaultPicture.png</icon>
			<thumb />
			<visible>False</visible>
			<onclick>noop</onclick>
			<property name="hasSubmenu">True</property>
			</item>
		<item id="5">
			<property name="id">$NUMBER[5]</property>
			<label>$LOCALIZE[2]</label>
			<label2 />
			<icon>special://skin/extras/icons/DefaultAudio.png</icon>
			<thumb />
			<property name="InfoLine">31054</property>
			<property name="widgetName">359</property>
			<property name="widgetType">albums</property>
			<property name="widgetStyle">Panel</property>
			<property name="widgetCase">Clear Case</property>
			<onclick condition="String.IsEqual(ListItem.Property(path),ActivateWindow(1129))">SetProperty(CustomSelectSearch,True,Home)</onclick>
			<onclick>ActivateWindow(Music,files)</onclick>
			<property name="path">ActivateWindow(Music,files)</property>
			<visible>String.IsEqual(System.ProfileName,Master user)</visible>
			<property name="submenuVisibility">music</property>
			<property name="hasSubmenu">True</property>
			</item>
		<item id="6">
			<property name="id">$NUMBER[6]</property>
			<label>$LOCALIZE[20342]</label>
			<label2 />
			<icon>special://skin/extras/icons/DefaultMovies.png</icon>
			<thumb />
			<property name="InfoLine">31052</property>
			<property name="widgetName">31031</property>
			<property name="widgetType">movies</property>
			<property name="widgetStyle">Compact Panel</property>
			<property name="widgetCase">Glass</property>
			<onclick condition="String.IsEqual(ListItem.Property(path),ActivateWindow(1129))">SetProperty(CustomSelectSearch,True,Home)</onclick>
			<onclick condition="Library.HasContent(Movies)">ActivateWindow(Videos,videodb://movies/titles/,return)</onclick>
			<property name="path">ActivateWindow(Videos,videodb://movies/titles/,return)</property>
			<onclick condition="![Library.HasContent(Movies)]">ActivateWindow(videos,files,return)</onclick>
			<visible>String.IsEqual(System.ProfileName,Master user)</visible>
			<property name="submenuVisibility">num-20342</property>
			<property name="hasSubmenu">True</property>
			</item>
		<item id="7">
			<property name="id">$NUMBER[7]</property>
			<label>$LOCALIZE[31502]</label>
			<label2 />
			<icon>special://skin/extras/icons/DefaultAddonPVRClient.png</icon>
			<thumb />
			<visible>False</visible>
			<onclick>noop</onclick>
			<property name="hasSubmenu">True</property>
			</item>
		<item id="8">
			<property name="id">$NUMBER[8]</property>
			<label>$LOCALIZE[3]</label>
			<label2 />
			<icon>special://skin/extras/icons/DefaultVideo.png</icon>
			<thumb />
			<visible>False</visible>
			<onclick>noop</onclick>
			<property name="hasSubmenu">True</property>
			</item>
		<item id="9">
			<property name="id">$NUMBER[9]</property>
			<label>$LOCALIZE[31957]</label>
			<label2 />
			<icon>special://skin/extras/icons/DefaultAddon.png</icon>
			<thumb />
			<onclick condition="String.IsEqual(ListItem.Property(path),ActivateWindow(1129))">SetProperty(CustomSelectSearch,True,Home)</onclick>
			<onclick>ActivateWindow(1133)</onclick>
			<property name="path">ActivateWindow(1133)</property>
			<visible>String.IsEqual(System.ProfileName,Master user)</visible>
			<property name="submenuVisibility">num-31957</property>
			<property name="hasSubmenu">True</property>
			</item>
		<item id="10">
			<property name="id">$NUMBER[10]</property>
			<label>$LOCALIZE[15016]</label>
			<label2 />
			<icon>special://skin/extras/icons/DefaultGames.png</icon>
			<thumb />
			<visible>False</visible>
			<onclick>noop</onclick>
			<property name="hasSubmenu">False</property>
			</item>
		<item id="11">
			<property name="id">$NUMBER[11]</property>
			<label>$LOCALIZE[137]</label>
			<label2 />
			<icon>special://skin/extras/icons/DefaultAddonsSearch.png</icon>
			<thumb />
			<visible>False</visible>
			<onclick>noop</onclick>
			<property name="hasSubmenu">False</property>
			</item>
		<item id="12">
			<property name="id">$NUMBER[12]</property>
			<label>$LOCALIZE[31958]</label>
			<label2 />
			<icon>special://skin/extras/icons/Disc.png</icon>
			<thumb />
			<visible>System.HasMediaDVD</visible>
			<onclick condition="String.IsEqual(ListItem.Property(path),ActivateWindow(1129))">SetProperty(CustomSelectSearch,True,Home)</onclick>
			<onclick>PlayDisc</onclick>
			<property name="path">PlayDisc</property>
			<visible>String.IsEqual(System.ProfileName,Master user)</visible>
			<property name="submenuVisibility">num-31958</property>
			<property name="hasSubmenu">True</property>
			</item>
		<item id="13">
			<property name="id">$NUMBER[13]</property>
			<label>$LOCALIZE[1036]</label>
			<label2 />
			<icon>special://skin/extras/icons/Favorites.png</icon>
			<thumb />
			<visible>False</visible>
			<onclick>noop</onclick>
			<property name="hasSubmenu">False</property>
			</item>
		<item id="14">
			<property name="id">$NUMBER[14]</property>
			<label>$LOCALIZE[12600]</label>
			<label2 />
			<icon>special://skin/extras/icons/DefaultAddonWeather.png</icon>
			<thumb />
			<property name="InfoLine">20088</property>
			<property name="widgetName">10508</property>
			<property name="widgetType">weather</property>
			<property name="widgetStyle">Compact Panel</property>
			<onclick condition="String.IsEqual(ListItem.Property(path),ActivateWindow(1129))">SetProperty(CustomSelectSearch,True,Home)</onclick>
			<onclick condition="!String.IsEmpty(Weather.Plugin)">ActivateWindow(Weather)</onclick>
			<property name="path">ActivateWindow(Weather)</property>
			<onclick condition="![!String.IsEmpty(Weather.Plugin)]">ActivateWindow(servicesettings,weather)</onclick>
			<visible>String.IsEqual(System.ProfileName,Master user)</visible>
			<property name="submenuVisibility">weather</property>
			<property name="hasSubmenu">False</property>
			</item>
		<item id="15">
			<property name="id">$NUMBER[15]</property>
			<label>$LOCALIZE[20389]</label>
			<label2 />
			<icon>special://skin/extras/icons/DefaultMusicVideos.png</icon>
			<thumb />
			<visible>False</visible>
			<onclick>noop</onclick>
			<property name="hasSubmenu">True</property>
			</item>
		</include>
	<include />
	<include name="skinshortcuts-submenu">
		<item id="1">
			<property name="id">$NUMBER[1]</property>
			<property name="mainmenuid">1</property>
			<label>$LOCALIZE[4]</label>
			<label2 />
			<icon>DefaultShortcut.png</icon>
			<thumb />
			<visible>[System.HasAddon(script.tv.show.next.aired)] + String.IsEqual(Container(9000).ListItem.Property(submenuVisibility),tvshows)</visible>
			<onclick>RunAddon(script.tv.show.next.aired,return)</onclick>
			<property name="path">RunAddon(script.tv.show.next.aired,return)</property>
			<visible>String.IsEqual(System.ProfileName,Master user)</visible>
			<property name="isSubmenu">True</property>
			</item>
		<item id="2">
			<property name="id">$NUMBER[2]</property>
			<property name="mainmenuid">1</property>
			<label>$LOCALIZE[575]</label>
			<label2 />
			<icon>DefaultShortcut.png</icon>
			<thumb />
			<onclick>ActivateWindow(Videos,videodb://inprogresstvshows/,return)</onclick>
			<property name="path">ActivateWindow(Videos,videodb://inprogresstvshows/,return)</property>
			<visible>[String.IsEqual(System.ProfileName,Master user)] + String.IsEqual(Container(9000).ListItem.Property(submenuVisibility),tvshows)</visible>
			<property name="isSubmenu">True</property>
			</item>
		<item id="3">
			<property name="id">$NUMBER[3]</property>
			<property name="mainmenuid">1</property>
			<label>$LOCALIZE[31328]</label>
			<label2 />
			<icon>DefaultShortcut.png</icon>
			<thumb />
			<onclick>ActivateWindow(Videos,videodb://recentlyaddedepisodes/,return)</onclick>
			<property name="path">ActivateWindow(Videos,videodb://recentlyaddedepisodes/,return)</property>
			<visible>[String.IsEqual(System.ProfileName,Master user)] + String.IsEqual(Container(9000).ListItem.Property(submenuVisibility),tvshows)</visible>
			<property name="isSubmenu">True</property>
			</item>
		<item id="4">
			<property name="id">$NUMBER[4]</property>
			<property name="mainmenuid">1</property>
			<label>$LOCALIZE[135]</label>
			<label2 />
			<icon>DefaultShortcut.png</icon>
			<thumb />
			<onclick condition="Library.HasContent(TVShows)">ActivateWindow(Videos,videodb://tvshows/genres/,return)</onclick>
			<property name="path">ActivateWindow(Videos,videodb://tvshows/genres/,return)</property>
			<onclick condition="![Library.HasContent(TVShows)]">ActivateWindow(videos,files,return)</onclick>
			<visible>[String.IsEqual(System.ProfileName,Master user)] + String.IsEqual(Container(9000).ListItem.Property(submenuVisibility),tvshows)</visible>
			<property name="isSubmenu">True</property>
			</item>
		<item id="5">
			<property name="id">$NUMBER[5]</property>
			<property name="mainmenuid">1</property>
			<label>$LOCALIZE[652]</label>
			<label2 />
			<icon>DefaultShortcut.png</icon>
			<thumb />
			<onclick condition="Library.HasContent(TVShows)">ActivateWindow(Videos,videodb://tvshows/years/,return)</onclick>
			<property name="path">ActivateWindow(Videos,videodb://tvshows/years/,return)</property>
			<onclick condition="![Library.HasContent(TVShows)]">ActivateWindow(videos,files,return)</onclick>
			<visible>[String.IsEqual(System.ProfileName,Master user)] + String.IsEqual(Container(9000).ListItem.Property(submenuVisibility),tvshows)</visible>
			<property name="isSubmenu">True</property>
			</item>
		<item id="6">
			<property name="id">$NUMBER[6]</property>
			<property name="mainmenuid">1</property>
			<label>$LOCALIZE[344]</label>
			<label2 />
			<icon>DefaultShortcut.png</icon>
			<thumb />
			<onclick condition="Library.HasContent(TVShows)">ActivateWindow(Videos,videodb://tvshows/actors/,return)</onclick>
			<property name="path">ActivateWindow(Videos,videodb://tvshows/actors/,return)</property>
			<onclick condition="![Library.HasContent(TVShows)]">ActivateWindow(videos,files,return)</onclick>
			<visible>[String.IsEqual(System.ProfileName,Master user)] + String.IsEqual(Container(9000).ListItem.Property(submenuVisibility),tvshows)</visible>
			<property name="isSubmenu">True</property>
			</item>
		<item id="1">
			<property name="id">$NUMBER[1]</property>
			<property name="mainmenuid">2</property>
			<label>$LOCALIZE[130]</label>
			<label2 />
			<icon>DefaultShortcut.png</icon>
			<thumb />
			<onclick>ActivateWindow(SystemInfo)</onclick>
			<property name="path">ActivateWindow(SystemInfo)</property>
			<visible>[String.IsEqual(System.ProfileName,Master user)] + String.IsEqual(Container(9000).ListItem.Property(submenuVisibility),num-13000)</visible>
			<property name="isSubmenu">True</property>
			</item>
		<item id="2">
			<property name="id">$NUMBER[2]</property>
			<property name="mainmenuid">2</property>
			<label>$LOCALIZE[33060]</label>
			<label2 />
			<icon>DefaultShortcut.png</icon>
			<thumb />
			<onclick>ActivateWindow(shutdownmenu)</onclick>
			<property name="path">ActivateWindow(shutdownmenu)</property>
			<visible>[String.IsEqual(System.ProfileName,Master user)] + String.IsEqual(Container(9000).ListItem.Property(submenuVisibility),num-13000)</visible>
			<property name="isSubmenu">True</property>
			</item>
		<item id="3">
			<property name="id">$NUMBER[3]</property>
			<property name="mainmenuid">2</property>
			<label>$LOCALIZE[20077]</label>
			<label2 />
			<icon>DefaultShortcut.png</icon>
			<thumb />
			<onclick>ActivateWindow(SkinSettings)</onclick>
			<property name="path">ActivateWindow(SkinSettings)</property>
			<visible>[String.IsEqual(System.ProfileName,Master user)] + String.IsEqual(Container(9000).ListItem.Property(submenuVisibility),num-13000)</visible>
			<property name="isSubmenu">True</property>
			</item>
		<item id="4">
			<property name="id">$NUMBER[4]</property>
			<property name="mainmenuid">2</property>
			<label>$LOCALIZE[7]</label>
			<label2 />
			<icon>DefaultShortcut.png</icon>
			<thumb />
			<onclick>ActivateWindow(FileManager)</onclick>
			<property name="path">ActivateWindow(FileManager)</property>
			<visible>[String.IsEqual(System.ProfileName,Master user)] + String.IsEqual(Container(9000).ListItem.Property(submenuVisibility),num-13000)</visible>
			<property name="isSubmenu">True</property>
			</item>
		<item id="5">
			<property name="id">$NUMBER[5]</property>
			<property name="mainmenuid">2</property>
			<label>$LOCALIZE[13200]</label>
			<label2 />
			<icon>DefaultShortcut.png</icon>
			<thumb />
			<onclick>ActivateWindow(Profiles)</onclick>
			<property name="path">ActivateWindow(Profiles)</property>
			<visible>[String.IsEqual(System.ProfileName,Master user)] + String.IsEqual(Container(9000).ListItem.Property(submenuVisibility),num-13000)</visible>
			<property name="isSubmenu">True</property>
			</item>
		<item id="6">
			<property name="id">$NUMBER[6]</property>
			<property name="mainmenuid">2</property>
			<label>$LOCALIZE[31159]</label>
			<label2 />
			<icon>DefaultShortcut.png</icon>
			<thumb />
			<visible>[system.getbool(eventlog.enabled)] + String.IsEqual(Container(9000).ListItem.Property(submenuVisibility),num-13000)</visible>
			<onclick>ActivateWindow(Eventlog)</onclick>
			<property name="path">ActivateWindow(Eventlog)</property>
			<visible>String.IsEqual(System.ProfileName,Master user)</visible>
			<property name="isSubmenu">True</property>
			</item>
		<item id="1">
			<property name="id">$NUMBER[1]</property>
			<property name="mainmenuid">3</property>
			<label>$LOCALIZE[13016]</label>
			<label2 />
			<icon>DefaultShortcut.png</icon>
			<thumb />
			<visible>[System.CanPowerDown] + String.IsEqual(Container(9000).ListItem.Property(submenuVisibility),num-33060)</visible>
			<onclick>Powerdown()</onclick>
			<property name="path">Powerdown()</property>
			<visible>String.IsEqual(System.ProfileName,Master user)</visible>
			<property name="isSubmenu">True</property>
			</item>
		<item id="2">
			<property name="id">$NUMBER[2]</property>
			<property name="mainmenuid">3</property>
			<label>$LOCALIZE[13013]</label>
			<label2 />
			<icon>DefaultShortcut.png</icon>
			<thumb />
			<visible>[System.CanReboot] + String.IsEqual(Container(9000).ListItem.Property(submenuVisibility),num-33060)</visible>
			<onclick>Reset()</onclick>
			<property name="path">Reset()</property>
			<visible>String.IsEqual(System.ProfileName,Master user)</visible>
			<property name="isSubmenu">True</property>
			</item>
		<item id="3">
			<property name="id">$NUMBER[3]</property>
			<property name="mainmenuid">3</property>
			<label>$LOCALIZE[13011]</label>
			<label2 />
			<icon>DefaultShortcut.png</icon>
			<thumb />
			<visible>[System.CanSuspend] + String.IsEqual(Container(9000).ListItem.Property(submenuVisibility),num-33060)</visible>
			<onclick>Suspend()</onclick>
			<property name="path">Suspend()</property>
			<visible>String.IsEqual(System.ProfileName,Master user)</visible>
			<property name="isSubmenu">True</property>
			</item>
		<item id="4">
			<property name="id">$NUMBER[4]</property>
			<property name="mainmenuid">3</property>
			<label>$LOCALIZE[13010]</label>
			<label2 />
			<icon>DefaultShortcut.png</icon>
			<thumb />
			<visible>[System.CanHibernate] + String.IsEqual(Container(9000).ListItem.Property(submenuVisibility),num-33060)</visible>
			<onclick>Hibernate()</onclick>
			<property name="path">Hibernate()</property>
			<visible>String.IsEqual(System.ProfileName,Master user)</visible>
			<property name="isSubmenu">True</property>
			</item>
		<item id="5">
			<property name="id">$NUMBER[5]</property>
			<property name="mainmenuid">3</property>
			<label>$LOCALIZE[20126]</label>
			<label2 />
			<icon>DefaultShortcut.png</icon>
			<thumb />
			<visible>[[System.HasLoginScreen | Integer.IsGreater(System.ProfileCount,1)] + System.Loggedon] + String.IsEqual(Container(9000).ListItem.Property(submenuVisibility),num-33060)</visible>
			<onclick>System.LogOff</onclick>
			<property name="path">System.LogOff</property>
			<visible>String.IsEqual(System.ProfileName,Master user)</visible>
			<property name="isSubmenu">True</property>
			</item>
		<item id="6">
			<property name="id">$NUMBER[6]</property>
			<property name="mainmenuid">3</property>
			<label>$LOCALIZE[13009]</label>
			<label2 />
			<icon>DefaultShortcut.png</icon>
			<thumb />
			<visible>[System.ShowExitButton] + String.IsEqual(Container(9000).ListItem.Property(submenuVisibility),num-33060)</visible>
			<onclick>Quit()</onclick>
			<property name="path">Quit()</property>
			<visible>String.IsEqual(System.ProfileName,Master user)</visible>
			<property name="isSubmenu">True</property>
			</item>
		<item id="1">
			<property name="id">$NUMBER[1]</property>
			<property name="mainmenuid">4</property>
			<label>$LOCALIZE[24001]</label>
			<label2 />
			<icon>DefaultShortcut.png</icon>
			<thumb />
			<onclick>ActivateWindow(Pictures,Addons,return)</onclick>
			<property name="path">ActivateWindow(Pictures,Addons,return)</property>
			<visible>[String.IsEqual(System.ProfileName,Master user)] + String.IsEqual(Container(9000).ListItem.Property(submenuVisibility),num-1)</visible>
			<property name="isSubmenu">True</property>
			</item>
		<item id="1">
			<property name="id">$NUMBER[1]</property>
			<property name="mainmenuid">5</property>
			<label>$LOCALIZE[133]</label>
			<label2 />
			<icon>DefaultShortcut.png</icon>
			<thumb />
			<onclick condition="Library.HasContent(Music)">ActivateWindow(Music,musicdb://artists/,return)</onclick>
			<property name="path">ActivateWindow(Music,musicdb://artists/,return)</property>
			<onclick condition="![Library.HasContent(Music)]">ActivateWindow(Music,files)</onclick>
			<visible>[String.IsEqual(System.ProfileName,Master user)] + String.IsEqual(Container(9000).ListItem.Property(submenuVisibility),music)</visible>
			<property name="isSubmenu">True</property>
			</item>
		<item id="2">
			<property name="id">$NUMBER[2]</property>
			<property name="mainmenuid">5</property>
			<label>$LOCALIZE[132]</label>
			<label2 />
			<icon>DefaultShortcut.png</icon>
			<thumb />
			<onclick condition="Library.HasContent(Music)">ActivateWindow(Music,musicdb://albums/,return)</onclick>
			<property name="path">ActivateWindow(Music,musicdb://albums/,return)</property>
			<onclick condition="![Library.HasContent(Music)]">ActivateWindow(Music,files)</onclick>
			<visible>[String.IsEqual(System.ProfileName,Master user)] + String.IsEqual(Container(9000).ListItem.Property(submenuVisibility),music)</visible>
			<property name="isSubmenu">True</property>
			</item>
		<item id="3">
			<property name="id">$NUMBER[3]</property>
			<property name="mainmenuid">5</property>
			<label>$LOCALIZE[134]</label>
			<label2 />
			<icon>DefaultShortcut.png</icon>
			<thumb />
			<onclick condition="Library.HasContent(Music)">ActivateWindow(Music,musicdb://songs/,return)</onclick>
			<property name="path">ActivateWindow(Music,musicdb://songs/,return)</property>
			<onclick condition="![Library.HasContent(Music)]">ActivateWindow(Music,files)</onclick>
			<visible>[String.IsEqual(System.ProfileName,Master user)] + String.IsEqual(Container(9000).ListItem.Property(submenuVisibility),music)</visible>
			<property name="isSubmenu">True</property>
			</item>
		<item id="4">
			<property name="id">$NUMBER[4]</property>
			<property name="mainmenuid">5</property>
			<label>$LOCALIZE[744]</label>
			<label2 />
			<icon>DefaultShortcut.png</icon>
			<thumb />
			<onclick>ActivateWindow(Music,sources://music/,return)</onclick>
			<property name="path">ActivateWindow(Music,sources://music/,return)</property>
			<visible>[String.IsEqual(System.ProfileName,Master user)] + String.IsEqual(Container(9000).ListItem.Property(submenuVisibility),music)</visible>
			<property name="isSubmenu">True</property>
			</item>
		<item id="5">
			<property name="id">$NUMBER[5]</property>
			<property name="mainmenuid">5</property>
			<label>$LOCALIZE[24001]</label>
			<label2 />
			<icon>DefaultShortcut.png</icon>
			<thumb />
			<onclick>ActivateWindow(Music,addons://sources/audio/,return)</onclick>
			<property name="path">ActivateWindow(Music,addons://sources/audio/,return)</property>
			<visible>[String.IsEqual(System.ProfileName,Master user)] + String.IsEqual(Container(9000).ListItem.Property(submenuVisibility),music)</visible>
			<property name="isSubmenu">True</property>
			</item>
		<item id="6">
			<property name="id">$NUMBER[6]</property>
			<property name="mainmenuid">5</property>
			<label>$LOCALIZE[14022]</label>
			<label2 />
			<icon>DefaultShortcut.png</icon>
			<thumb />
			<onclick>ActivateWindow(Music,musicdb://)</onclick>
			<property name="path">ActivateWindow(Music,musicdb://)</property>
			<visible>[String.IsEqual(System.ProfileName,Master user)] + String.IsEqual(Container(9000).ListItem.Property(submenuVisibility),music)</visible>
			<property name="isSubmenu">True</property>
			</item>
		<item id="1">
			<property name="id">$NUMBER[1]</property>
			<property name="mainmenuid">6</property>
			<label>$LOCALIZE[16101]</label>
			<label2 />
			<icon>DefaultShortcut.png</icon>
			<thumb />
			<onclick>ActivateWindow(Videos,special://skin/extras/UnwatchedMovies.xsp,return)</onclick>
			<property name="path">ActivateWindow(Videos,special://skin/extras/UnwatchedMovies.xsp,return)</property>
			<visible>[String.IsEqual(System.ProfileName,Master user)] + String.IsEqual(Container(9000).ListItem.Property(submenuVisibility),num-20342)</visible>
			<property name="isSubmenu">True</property>
			</item>
		<item id="2">
			<property name="id">$NUMBER[2]</property>
			<property name="mainmenuid">6</property>
			<label>$LOCALIZE[575]</label>
			<label2 />
			<icon>DefaultShortcut.png</icon>
			<thumb />
			<onclick>ActivateWindow(Videos,special://skin/extras/InProgressMovies.xsp,return)</onclick>
			<property name="path">ActivateWindow(Videos,special://skin/extras/InProgressMovies.xsp,return)</property>
			<visible>[String.IsEqual(System.ProfileName,Master user)] + String.IsEqual(Container(9000).ListItem.Property(submenuVisibility),num-20342)</visible>
			<property name="isSubmenu">True</property>
			</item>
		<item id="3">
			<property name="id">$NUMBER[3]</property>
			<property name="mainmenuid">6</property>
			<label>$LOCALIZE[31328]</label>
			<label2 />
			<icon>DefaultShortcut.png</icon>
			<thumb />
			<onclick>ActivateWindow(Videos,videodb://recentlyaddedmovies/,return)</onclick>
			<property name="path">ActivateWindow(Videos,videodb://recentlyaddedmovies/,return)</property>
			<visible>[String.IsEqual(System.ProfileName,Master user)] + String.IsEqual(Container(9000).ListItem.Property(submenuVisibility),num-20342)</visible>
			<property name="isSubmenu">True</property>
			</item>
		<item id="4">
			<property name="id">$NUMBER[4]</property>
			<property name="mainmenuid">6</property>
			<label>$LOCALIZE[20434]</label>
			<label2 />
			<icon>DefaultShortcut.png</icon>
			<thumb />
			<visible>[Library.HasContent(MovieSets)] + String.IsEqual(Container(9000).ListItem.Property(submenuVisibility),num-20342)</visible>
			<onclick>ActivateWindow(Videos,videodb://movies/sets/,return)</onclick>
			<property name="path">ActivateWindow(Videos,videodb://movies/sets/,return)</property>
			<visible>String.IsEqual(System.ProfileName,Master user)</visible>
			<property name="isSubmenu">True</property>
			</item>
		<item id="5">
			<property name="id">$NUMBER[5]</property>
			<property name="mainmenuid">6</property>
			<label>$LOCALIZE[135]</label>
			<label2 />
			<icon>DefaultShortcut.png</icon>
			<thumb />
			<onclick condition="Library.HasContent(Movies)">ActivateWindow(Videos,videodb://movies/genres/,return)</onclick>
			<property name="path">ActivateWindow(Videos,videodb://movies/genres/,return)</property>
			<onclick condition="![Library.HasContent(Movies)]">ActivateWindow(videos,files,return)</onclick>
			<visible>[String.IsEqual(System.ProfileName,Master user)] + String.IsEqual(Container(9000).ListItem.Property(submenuVisibility),num-20342)</visible>
			<property name="isSubmenu">True</property>
			</item>
		<item id="6">
			<property name="id">$NUMBER[6]</property>
			<property name="mainmenuid">6</property>
			<label>$LOCALIZE[652]</label>
			<label2 />
			<icon>DefaultShortcut.png</icon>
			<thumb />
			<onclick condition="Library.HasContent(Movies)">ActivateWindow(Videos,videodb://movies/years/,return)</onclick>
			<property name="path">ActivateWindow(Videos,videodb://movies/years/,return)</property>
			<onclick condition="![Library.HasContent(Movies)]">ActivateWindow(videos,files,return)</onclick>
			<visible>[String.IsEqual(System.ProfileName,Master user)] + String.IsEqual(Container(9000).ListItem.Property(submenuVisibility),num-20342)</visible>
			<property name="isSubmenu">True</property>
			</item>
		<item id="7">
			<property name="id">$NUMBER[7]</property>
			<property name="mainmenuid">6</property>
			<label>$LOCALIZE[344]</label>
			<label2 />
			<icon>DefaultShortcut.png</icon>
			<thumb />
			<onclick condition="Library.HasContent(Movies)">ActivateWindow(Videos,videodb://movies/actors/,return)</onclick>
			<property name="path">ActivateWindow(Videos,videodb://movies/actors/,return)</property>
			<onclick condition="![Library.HasContent(Movies)]">ActivateWindow(videos,files,return)</onclick>
			<visible>[String.IsEqual(System.ProfileName,Master user)] + String.IsEqual(Container(9000).ListItem.Property(submenuVisibility),num-20342)</visible>
			<property name="isSubmenu">True</property>
			</item>
		<item id="8">
			<property name="id">$NUMBER[8]</property>
			<property name="mainmenuid">6</property>
			<label>$LOCALIZE[20459]</label>
			<label2 />
			<icon>DefaultShortcut.png</icon>
			<thumb />
			<onclick condition="Library.HasContent(Movies)">ActivateWindow(Videos,videodb://movies/tags/,return)</onclick>
			<property name="path">ActivateWindow(Videos,videodb://movies/tags/,return)</property>
			<onclick condition="![Library.HasContent(Movies)]">ActivateWindow(videos,files,return)</onclick>
			<visible>[String.IsEqual(System.ProfileName,Master user)] + String.IsEqual(Container(9000).ListItem.Property(submenuVisibility),num-20342)</visible>
			<property name="isSubmenu">True</property>
			</item>
		<item id="1">
			<property name="id">$NUMBER[1]</property>
			<property name="mainmenuid">7</property>
			<label>$LOCALIZE[19024]</label>
			<label2 />
			<icon>DefaultShortcut.png</icon>
			<thumb />
			<onclick condition="System.HasPVRAddon">ActivateWindow(RadioChannels)</onclick>
			<property name="path">ActivateWindow(RadioChannels)</property>
			<onclick condition="![System.HasPVRAddon]">ActivateWindow(addonbrowser,addons://repository.xbmc.org/xbmc.pvrclient,return)</onclick>
			<visible>[String.IsEqual(System.ProfileName,Master user)] + String.IsEqual(Container(9000).ListItem.Property(submenuVisibility),num-31502)</visible>
			<property name="isSubmenu">True</property>
			</item>
		<item id="2">
			<property name="id">$NUMBER[2]</property>
			<property name="mainmenuid">7</property>
			<label>$LOCALIZE[19023]</label>
			<label2 />
			<icon>DefaultShortcut.png</icon>
			<thumb />
			<onclick condition="System.HasPVRAddon">ActivateWindow(TVChannels)</onclick>
			<property name="path">ActivateWindow(TVChannels)</property>
			<onclick condition="![System.HasPVRAddon]">ActivateWindow(addonbrowser,addons://repository.xbmc.org/xbmc.pvrclient,return)</onclick>
			<visible>[String.IsEqual(System.ProfileName,Master user)] + String.IsEqual(Container(9000).ListItem.Property(submenuVisibility),num-31502)</visible>
			<property name="isSubmenu">True</property>
			</item>
		<item id="3">
			<property name="id">$NUMBER[3]</property>
			<property name="mainmenuid">7</property>
			<label>$LOCALIZE[19069]</label>
			<label2 />
			<icon>DefaultShortcut.png</icon>
			<thumb />
			<onclick condition="System.HasPVRAddon">ActivateWindow(TVGuide)</onclick>
			<property name="path">ActivateWindow(TVGuide)</property>
			<onclick condition="![System.HasPVRAddon]">ActivateWindow(addonbrowser,addons://repository.xbmc.org/xbmc.pvrclient,return)</onclick>
			<visible>[String.IsEqual(System.ProfileName,Master user)] + String.IsEqual(Container(9000).ListItem.Property(submenuVisibility),num-31502)</visible>
			<property name="isSubmenu">True</property>
			</item>
		<item id="4">
			<property name="id">$NUMBER[4]</property>
			<property name="mainmenuid">7</property>
			<label>$LOCALIZE[19163]</label>
			<label2 />
			<icon>DefaultShortcut.png</icon>
			<thumb />
			<onclick condition="System.HasPVRAddon">ActivateWindow(TVRecordings)</onclick>
			<property name="path">ActivateWindow(TVRecordings)</property>
			<onclick condition="![System.HasPVRAddon]">ActivateWindow(addonbrowser,addons://repository.xbmc.org/xbmc.pvrclient,return)</onclick>
			<visible>[String.IsEqual(System.ProfileName,Master user)] + String.IsEqual(Container(9000).ListItem.Property(submenuVisibility),num-31502)</visible>
			<property name="isSubmenu">True</property>
			</item>
		<item id="5">
			<property name="id">$NUMBER[5]</property>
			<property name="mainmenuid">7</property>
			<label>$LOCALIZE[19040]</label>
			<label2 />
			<icon>DefaultShortcut.png</icon>
			<thumb />
			<onclick condition="System.HasPVRAddon">ActivateWindow(TVTimers)</onclick>
			<property name="path">ActivateWindow(TVTimers)</property>
			<onclick condition="![System.HasPVRAddon]">ActivateWindow(addonbrowser,addons://repository.xbmc.org/xbmc.pvrclient,return)</onclick>
			<visible>[String.IsEqual(System.ProfileName,Master user)] + String.IsEqual(Container(9000).ListItem.Property(submenuVisibility),num-31502)</visible>
			<property name="isSubmenu">True</property>
			</item>
		<item id="1">
			<property name="id">$NUMBER[1]</property>
			<property name="mainmenuid">8</property>
			<label>$LOCALIZE[20342]</label>
			<label2 />
			<icon>DefaultShortcut.png</icon>
			<thumb />
			<onclick condition="Library.HasContent(Movies)">ActivateWindow(Videos,Movies,root)</onclick>
			<property name="path">ActivateWindow(Videos,Movies,root)</property>
			<onclick condition="![Library.HasContent(Movies)]">ActivateWindow(videos,files,return)</onclick>
			<visible>[String.IsEqual(System.ProfileName,Master user)] + String.IsEqual(Container(9000).ListItem.Property(submenuVisibility),videos)</visible>
			<property name="isSubmenu">True</property>
			</item>
		<item id="2">
			<property name="id">$NUMBER[2]</property>
			<property name="mainmenuid">8</property>
			<label>$LOCALIZE[20343]</label>
			<label2 />
			<icon>DefaultShortcut.png</icon>
			<thumb />
			<onclick condition="Library.HasContent(TVShows)">ActivateWindow(Videos,TvShows,root)</onclick>
			<property name="path">ActivateWindow(Videos,TvShows,root)</property>
			<onclick condition="![Library.HasContent(TVShows)]">ActivateWindow(videos,files,return)</onclick>
			<visible>[String.IsEqual(System.ProfileName,Master user)] + String.IsEqual(Container(9000).ListItem.Property(submenuVisibility),videos)</visible>
			<property name="isSubmenu">True</property>
			</item>
		<item id="3">
			<property name="id">$NUMBER[3]</property>
			<property name="mainmenuid">8</property>
			<label>$LOCALIZE[24001]</label>
			<label2 />
			<icon>DefaultShortcut.png</icon>
			<thumb />
			<onclick>ActivateWindow(Videos,Addons,return)</onclick>
			<property name="path">ActivateWindow(Videos,Addons,return)</property>
			<visible>[String.IsEqual(System.ProfileName,Master user)] + String.IsEqual(Container(9000).ListItem.Property(submenuVisibility),videos)</visible>
			<property name="isSubmenu">True</property>
			</item>
		<item id="4">
			<property name="id">$NUMBER[4]</property>
			<property name="mainmenuid">8</property>
			<label>$LOCALIZE[744]</label>
			<label2 />
			<icon>DefaultShortcut.png</icon>
			<thumb />
			<onclick>ActivateWindow(Videos,Files,return)</onclick>
			<property name="path">ActivateWindow(Videos,Files,return)</property>
			<visible>[String.IsEqual(System.ProfileName,Master user)] + String.IsEqual(Container(9000).ListItem.Property(submenuVisibility),videos)</visible>
			<property name="isSubmenu">True</property>
			</item>
		<item id="5">
			<property name="id">$NUMBER[5]</property>
			<property name="mainmenuid">8</property>
			<label>$LOCALIZE[136]</label>
			<label2 />
			<icon>DefaultShortcut.png</icon>
			<thumb />
			<onclick>ActivateWindow(Videos,Playlists,return)</onclick>
			<property name="path">ActivateWindow(Videos,Playlists,return)</property>
			<visible>[String.IsEqual(System.ProfileName,Master user)] + String.IsEqual(Container(9000).ListItem.Property(submenuVisibility),videos)</visible>
			<property name="isSubmenu">True</property>
			</item>
		<item id="6">
			<property name="id">$NUMBER[6]</property>
			<property name="mainmenuid">8</property>
			<label>$LOCALIZE[14022]</label>
			<label2 />
			<icon>DefaultShortcut.png</icon>
			<thumb />
			<onclick>ActivateWindow(Videos,Root)</onclick>
			<property name="path">ActivateWindow(Videos,Root)</property>
			<visible>[String.IsEqual(System.ProfileName,Master user)] + String.IsEqual(Container(9000).ListItem.Property(submenuVisibility),videos)</visible>
			<property name="isSubmenu">True</property>
			</item>
		<item id="1">
			<property name="id">$NUMBER[1]</property>
			<property name="mainmenuid">9</property>
			<label>$LOCALIZE[1038]</label>
			<label2 />
			<icon>DefaultShortcut.png</icon>
			<thumb />
			<onclick>ActivateWindow(Music,Addons,return)</onclick>
			<property name="path">ActivateWindow(Music,Addons,return)</property>
			<visible>[String.IsEqual(System.ProfileName,Master user)] + String.IsEqual(Container(9000).ListItem.Property(submenuVisibility),num-31957)</visible>
			<property name="isSubmenu">True</property>
			</item>
		<item id="2">
			<property name="id">$NUMBER[2]</property>
			<property name="mainmenuid">9</property>
			<label>$LOCALIZE[1037]</label>
			<label2 />
			<icon>DefaultShortcut.png</icon>
			<thumb />
			<onclick>ActivateWindow(Videos,Addons,return)</onclick>
			<property name="path">ActivateWindow(Videos,Addons,return)</property>
			<visible>[String.IsEqual(System.ProfileName,Master user)] + String.IsEqual(Container(9000).ListItem.Property(submenuVisibility),num-31957)</visible>
			<property name="isSubmenu">True</property>
			</item>
		<item id="3">
			<property name="id">$NUMBER[3]</property>
			<property name="mainmenuid">9</property>
			<label>$LOCALIZE[10040]</label>
			<label2 />
			<icon>DefaultShortcut.png</icon>
			<thumb />
			<onclick>ActivateWindow(Addonbrowser)</onclick>
			<property name="path">ActivateWindow(Addonbrowser)</property>
			<visible>[String.IsEqual(System.ProfileName,Master user)] + String.IsEqual(Container(9000).ListItem.Property(submenuVisibility),num-31957)</visible>
			<property name="isSubmenu">True</property>
			</item>
		<item id="4">
			<property name="id">$NUMBER[4]</property>
			<property name="mainmenuid">9</property>
			<label>$LOCALIZE[1043]</label>
			<label2 />
			<icon>DefaultShortcut.png</icon>
			<thumb />
			<onclick>ActivateWindow(Programs,Addons,return)</onclick>
			<property name="path">ActivateWindow(Programs,Addons,return)</property>
			<visible>[String.IsEqual(System.ProfileName,Master user)] + String.IsEqual(Container(9000).ListItem.Property(submenuVisibility),num-31957)</visible>
			<property name="isSubmenu">True</property>
			</item>
		<item id="5">
			<property name="id">$NUMBER[5]</property>
			<property name="mainmenuid">9</property>
			<label>$LOCALIZE[1039]</label>
			<label2 />
			<icon>DefaultShortcut.png</icon>
			<thumb />
			<onclick>ActivateWindow(Pictures,Addons,return)</onclick>
			<property name="path">ActivateWindow(Pictures,Addons,return)</property>
			<visible>[String.IsEqual(System.ProfileName,Master user)] + String.IsEqual(Container(9000).ListItem.Property(submenuVisibility),num-31957)</visible>
			<property name="isSubmenu">True</property>
			</item>
		<item id="1">
			<property name="id">$NUMBER[1]</property>
			<property name="mainmenuid">12</property>
			<label>$LOCALIZE[31485]</label>
			<label2 />
			<icon>DefaultShortcut.png</icon>
			<thumb />
			<onclick>EjectTray()</onclick>
			<property name="path">EjectTray()</property>
			<visible>[String.IsEqual(System.ProfileName,Master user)] + String.IsEqual(Container(9000).ListItem.Property(submenuVisibility),num-31958)</visible>
			<property name="isSubmenu">True</property>
			</item>
		<item id="2">
			<property name="id">$NUMBER[2]</property>
			<property name="mainmenuid">12</property>
			<label>$LOCALIZE[600]</label>
			<label2 />
			<icon>DefaultShortcut.png</icon>
			<thumb />
			<visible>[System.HasMediaAudioCD] + String.IsEqual(Container(9000).ListItem.Property(submenuVisibility),num-31958)</visible>
			<onclick>RipCD</onclick>
			<property name="path">RipCD</property>
			<visible>String.IsEqual(System.ProfileName,Master user)</visible>
			<property name="isSubmenu">True</property>
			</item>
		<item id="1">
			<property name="id">$NUMBER[1]</property>
			<property name="mainmenuid">15</property>
			<label>$LOCALIZE[133]</label>
			<label2 />
			<icon>DefaultShortcut.png</icon>
			<thumb />
			<onclick condition="Library.HasContent(MusicVideos)">ActivateWindow(Videos,videodb://musicvideos/artists/,return)</onclick>
			<property name="path">ActivateWindow(Videos,videodb://musicvideos/artists/,return)</property>
			<onclick condition="![Library.HasContent(MusicVideos)]">ActivateWindow(videos,files,return)</onclick>
			<visible>[String.IsEqual(System.ProfileName,Master user)] + String.IsEqual(Container(9000).ListItem.Property(submenuVisibility),musicvideos)</visible>
			<property name="isSubmenu">True</property>
			</item>
		<item id="2">
			<property name="id">$NUMBER[2]</property>
			<property name="mainmenuid">15</property>
			<label>$LOCALIZE[135]</label>
			<label2 />
			<icon>DefaultShortcut.png</icon>
			<thumb />
			<onclick condition="Library.HasContent(MusicVideos)">ActivateWindow(Videos,videodb://musicvideos/genres,return)</onclick>
			<property name="path">ActivateWindow(Videos,videodb://musicvideos/genres,return)</property>
			<onclick condition="![Library.HasContent(MusicVideos)]">ActivateWindow(videos,files,return)</onclick>
			<visible>[String.IsEqual(System.ProfileName,Master user)] + String.IsEqual(Container(9000).ListItem.Property(submenuVisibility),musicvideos)</visible>
			<property name="isSubmenu">True</property>
			</item>
		<item id="3">
			<property name="id">$NUMBER[3]</property>
			<property name="mainmenuid">15</property>
			<label>$LOCALIZE[31328]</label>
			<label2 />
			<icon>DefaultShortcut.png</icon>
			<thumb />
			<onclick>ActivateWindow(Videos,videodb://recentlyaddedmusicvideos/,return)</onclick>
			<property name="path">ActivateWindow(Videos,videodb://recentlyaddedmusicvideos/,return)</property>
			<visible>[String.IsEqual(System.ProfileName,Master user)] + String.IsEqual(Container(9000).ListItem.Property(submenuVisibility),musicvideos)</visible>
			<property name="isSubmenu">True</property>
			</item>
		<item id="4">
			<property name="id">$NUMBER[4]</property>
			<property name="mainmenuid">15</property>
			<label>$LOCALIZE[652]</label>
			<label2 />
			<icon>DefaultShortcut.png</icon>
			<thumb />
			<onclick condition="Library.HasContent(MusicVideos)">ActivateWindow(Videos,videodb://musicvideos/years/,return)</onclick>
			<property name="path">ActivateWindow(Videos,videodb://musicvideos/years/,return)</property>
			<onclick condition="![Library.HasContent(MusicVideos)]">ActivateWindow(videos,files,return)</onclick>
			<visible>[String.IsEqual(System.ProfileName,Master user)] + String.IsEqual(Container(9000).ListItem.Property(submenuVisibility),musicvideos)</visible>
			<property name="isSubmenu">True</property>
			</item>
		<item id="5">
			<property name="id">$NUMBER[5]</property>
			<property name="mainmenuid">15</property>
			<label>$LOCALIZE[20459]</label>
			<label2 />
			<icon>DefaultShortcut.png</icon>
			<thumb />
			<onclick condition="Library.HasContent(MusicVideos)">ActivateWindow(Videos,videodb://musicvideos/tags/,return)</onclick>
			<property name="path">ActivateWindow(Videos,videodb://musicvideos/tags/,return)</property>
			<onclick condition="![Library.HasContent(MusicVideos)]">ActivateWindow(videos,files,return)</onclick>
			<visible>[String.IsEqual(System.ProfileName,Master user)] + String.IsEqual(Container(9000).ListItem.Property(submenuVisibility),musicvideos)</visible>
			<property name="isSubmenu">True</property>
			</item>
		</include>
	<include />
	<include name="skinshortcuts-submenu-1" />
	<include />
	<include name="skinshortcuts-submenu-2" />
	<include name="skinshortcuts-template-widget1">
		<include condition="String.IsEqual(System.ProfileName,Master user)">skinshortcuts-template-widget1-Master user</include>
		</include>
	<include name="skinshortcuts-template-widget1-Master user">
		<control type="group">
			<visible>String.IsEqual(Container(9000).ListItem.Property(submenuVisibility),tvshows)</visible>
			<control type="group">
				<visible>Integer.IsGreater(Container(80111).NumItems,0)</visible>
				<control type="group">
					<visible>Control.HasFocus(80111)</visible>
					<animation effect="slide" end="0,950" condition="!String.IsEqual(Skin.String(MainMenu.Layout),vertical) + Skin.HasSetting(centermainmenu)">Conditional</animation>
					<animation effect="slide" end="0,677" condition="String.IsEqual(Skin.String(MainMenu.Layout),vertical)">Conditional</animation>
					<top>90</top>
					<left>245</left>
					<control type="group">
						<animation effect="fade" end="0">WindowClose</animation>
						<control type="image">
							<top>-40</top>
							<width>1470</width>
							<height>391</height>
							<texture colordiffuse="BFFFFFFF">homewidgets/list_shadow.png</texture>
							</control>
						<control type="group">
							<include condition="!false">InfoPosterContent</include>
							<include content="InfoTextContent" condition="!false">
								<param name="left">225</param>
								<param name="width">1195</param>
								</include>
							</control>
						<control type="group">
							<include condition="false">InfoSquareContent</include>
							<include content="InfoTextContent" condition="false">
								<param name="left">330</param>
								<param name="width">1090</param>
								</include>
							</control>
						</control>
					</control>
				<control type="group">
					<top>457</top>
					<control type="group">
						<include condition="!String.IsEmpty(Skin.String(Widget.Trans))">HomeWidgetFade</include>
						<centerleft>50%</centerleft>
						<top>-21</top>
						<width>1472.5</width>
						<height>276</height>
						<control type="image">
							<width>1472.5</width>
							<height>276</height>
							<texture colordiffuse="$VAR[HomeWidgetBackColor]" border="40">$VAR[HomeWidgetBackgroundVar]</texture>
							<visible>Skin.HasSetting(Enable.GlobalWidgetBack)</visible>
							</control>
						<control type="image">
							<width>1472.5</width>
							<height>276</height>
							<texture colordiffuse="FF0B0B0B" border="40">homewidgets/bg_default.png</texture>
							<visible>!Skin.HasSetting(Enable.GlobalWidgetBack)</visible>
							</control>
						</control>
					<include content="PanelLabel">
						<param name="id">80111</param>
						<param name="Label">31539</param>
						<param name="Title">$VAR[HomeWidgetInfoTitleVar]</param>
						<param name="labelFont">font13_title</param>
						<param name="labelBottom">252</param>
						<param name="labelWidth">710</param>
						<param name="labelLeft">243</param>
						<param name="labelRight">965.5</param>
						<param name="labelTitle">false</param>
						</include>
					</control>
				</control>
			<control type="group">
				<top>457</top>
				<control type="panel" id="80111">
					<left>242.5</left>
					<width>1435</width>
					<height>233</height>
					<orientation>horizontal</orientation>
					<preloaditems>2</preloaditems>
					<scrolltime tween="quadratic" easing="out">300</scrolltime>
					<include>skinshortcuts-template-HorizontalNavigation1</include>
					<include content="PortraitArt">
						<param name="containerWidth">159.4</param>
						<param name="containerHeight">233</param>
						<param name="Texture">$VAR[PosterThumbVar]</param>
						<param name="leftArt">2.5</param>
						<param name="topArt">0</param>
						<param name="widthArt">154.4</param>
						<param name="heightArt">233</param>
						<param name="topFakeDiscArt">0</param>
						<param name="leftCase">2.5</param>
						<param name="topCase">0</param>
						<param name="widthCase">154.4</param>
						<param name="heightCase">233</param>
						<param name="labelHeight">-29</param>
						<param name="labelFont">font11</param>
						<param name="fallbackFont">fontCDalbum</param>
						<param name="fallbackVisible">false</param>
						<param name="Aspect">stretch</param>
						<param name="Aligny">top</param>
						<param name="Diffuse" />
						<param name="Case" />
						<param name="labelVisible">false</param>
						<param name="labelFocusVisible">false</param>
						<param name="isWeather">false</param>
						<param name="weatherTop" />
						<param name="weatherHeight" />
						<param name="weatherTop1" />
						<param name="weatherTop2" />
						<param name="weatherTop3" />
						<param name="weatherFont">font12</param>
						</include>
					<content target="videos" sortby="" sortorder="" limit="">special://skin/extras/playlists/randomtvshows.xsp</content>
					</control>
				</control>
			</control>
		<control type="group">
			<visible>String.IsEqual(Container(9000).ListItem.Property(submenuVisibility),num-13000)</visible>
			<control type="group">
				<visible>Integer.IsGreater(Container(80112).NumItems,0)</visible>
				<control type="group">
					<top>463</top>
					<control type="group">
						<include condition="!String.IsEmpty(Skin.String(Widget.Trans))">HomeWidgetFade</include>
						<centerleft>50%</centerleft>
						<top>-21</top>
						<width>1472.5</width>
						<height>324</height>
						<control type="image">
							<width>1472.5</width>
							<height>324</height>
							<texture colordiffuse="$VAR[HomeWidgetBackColor]" border="40">$VAR[HomeWidgetBackgroundVar]</texture>
							<visible>Skin.HasSetting(Enable.GlobalWidgetBack)</visible>
							</control>
						<control type="image">
							<width>1472.5</width>
							<height>324</height>
							<texture colordiffuse="FF0B0B0B" border="40">homewidgets/bg_default.png</texture>
							<visible>!Skin.HasSetting(Enable.GlobalWidgetBack)</visible>
							</control>
						</control>
					<include content="PanelLabel">
						<param name="id">80112</param>
						<param name="Label">130</param>
						<param name="Title">$VAR[HomeWidgetInfoTitleVar]</param>
						<param name="labelFont">font13_title</param>
						<param name="labelBottom">305</param>
						<param name="labelWidth">710</param>
						<param name="labelLeft">243</param>
						<param name="labelRight">965.5</param>
						<param name="labelTitle">false</param>
						</include>
					</control>
				</control>
			<control type="group">
				<top>463</top>
				<control type="panel" id="80112">
					<left>242.5</left>
					<width>1435</width>
					<height>300</height>
					<orientation>horizontal</orientation>
					<preloaditems>2</preloaditems>
					<scrolltime tween="quadratic" easing="out">300</scrolltime>
					<include>skinshortcuts-template-HorizontalNavigation1</include>
					<include content="SquareArt">
						<param name="containerWidth">287</param>
						<param name="containerHeight">282</param>
						<param name="Texture">$VAR[PosterThumbVar]</param>
						<param name="leftArt">2.5</param>
						<param name="topArt">0</param>
						<param name="widthArt">282</param>
						<param name="heightArt">282</param>
						<param name="topFakeDiscArt">0</param>
						<param name="leftCase">2.5</param>
						<param name="topCase">0</param>
						<param name="widthCase">282</param>
						<param name="heightCase">282</param>
						<param name="labelHeight">-34</param>
						<param name="labelFont">font12</param>
						<param name="fallbackFont">fontCDalbum</param>
						<param name="fallbackVisible">false</param>
						<param name="Aspect">keep</param>
						<param name="Aligny">top</param>
						<param name="Diffuse" />
						<param name="Case" />
						<param name="labelVisible">false</param>
						<param name="labelFocusVisible">false</param>
						<param name="isWeather">true</param>
						<param name="weatherTop">49</param>
						<param name="weatherHeight">149</param>
						<param name="weatherTop1">5</param>
						<param name="weatherTop2">205</param>
						<param name="weatherTop3">244</param>
						<param name="weatherFont">font14</param>
						</include>
					<content target="" sortby="" sortorder="" limit="">
						<include>skinshortcuts-template-SystemContent</include>
						</content>
					</control>
				</control>
			</control>
		<control type="group">
			<visible>String.IsEqual(Container(9000).ListItem.Property(submenuVisibility),music)</visible>
			<control type="group">
				<visible>Integer.IsGreater(Container(80115).NumItems,0)</visible>
				<control type="group">
					<top>463</top>
					<control type="group">
						<include condition="!String.IsEmpty(Skin.String(Widget.Trans))">HomeWidgetFade</include>
						<centerleft>50%</centerleft>
						<top>-21</top>
						<width>1472.5</width>
						<height>324</height>
						<control type="image">
							<width>1472.5</width>
							<height>324</height>
							<texture colordiffuse="$VAR[HomeWidgetBackColor]" border="40">$VAR[HomeWidgetBackgroundVar]</texture>
							<visible>Skin.HasSetting(Enable.GlobalWidgetBack)</visible>
							</control>
						<control type="image">
							<width>1472.5</width>
							<height>324</height>
							<texture colordiffuse="FF0B0B0B" border="40">homewidgets/bg_default.png</texture>
							<visible>!Skin.HasSetting(Enable.GlobalWidgetBack)</visible>
							</control>
						</control>
					<include content="PanelLabel">
						<param name="id">80115</param>
						<param name="Label">359</param>
						<param name="Title">$VAR[HomeWidgetInfoTitleVar]</param>
						<param name="labelFont">font13_title</param>
						<param name="labelBottom">305</param>
						<param name="labelWidth">710</param>
						<param name="labelLeft">243</param>
						<param name="labelRight">965.5</param>
						<param name="labelTitle">false</param>
						</include>
					</control>
				</control>
			<control type="group">
				<top>463</top>
				<control type="panel" id="80115">
					<left>242.5</left>
					<width>1435</width>
					<height>300</height>
					<orientation>horizontal</orientation>
					<preloaditems>2</preloaditems>
					<scrolltime tween="quadratic" easing="out">300</scrolltime>
					<include>skinshortcuts-template-HorizontalNavigation1</include>
					<include content="SquareArt">
						<param name="containerWidth">287</param>
						<param name="containerHeight">282</param>
						<param name="Texture">$VAR[PosterThumbVar]</param>
						<param name="leftArt">27.5</param>
						<param name="topArt">4</param>
						<param name="widthArt">253</param>
						<param name="heightArt">274</param>
						<param name="topFakeDiscArt">14.5</param>
						<param name="leftCase">2.5</param>
						<param name="topCase">0</param>
						<param name="widthCase">282</param>
						<param name="heightCase">282</param>
						<param name="labelHeight">-34</param>
						<param name="labelFont">font12</param>
						<param name="fallbackFont">fontCDalbum</param>
						<param name="fallbackVisible">false</param>
						<param name="Aspect">keep</param>
						<param name="Aligny">top</param>
						<param name="Diffuse" />
						<param name="Case">homewidgets/cases/clearcase/square/cd.png</param>
						<param name="labelVisible">false</param>
						<param name="labelFocusVisible">false</param>
						<param name="isWeather">false</param>
						<param name="weatherTop" />
						<param name="weatherHeight" />
						<param name="weatherTop1" />
						<param name="weatherTop2" />
						<param name="weatherTop3" />
						<param name="weatherFont">font14</param>
						</include>
					<content target="music" sortby="" sortorder="" limit="">musicdb://recentlyaddedalbums/</content>
					</control>
				</control>
			</control>
		<control type="group">
			<visible>String.IsEqual(Container(9000).ListItem.Property(submenuVisibility),num-20342)</visible>
			<control type="group">
				<visible>Integer.IsGreater(Container(80116).NumItems,0)</visible>
				<control type="group">
					<top>457</top>
					<control type="group">
						<include condition="!String.IsEmpty(Skin.String(Widget.Trans))">HomeWidgetFade</include>
						<centerleft>50%</centerleft>
						<top>-21</top>
						<width>1472.5</width>
						<height>276</height>
						<control type="image">
							<width>1472.5</width>
							<height>276</height>
							<texture colordiffuse="$VAR[HomeWidgetBackColor]" border="40">$VAR[HomeWidgetBackgroundVar]</texture>
							<visible>Skin.HasSetting(Enable.GlobalWidgetBack)</visible>
							</control>
						<control type="image">
							<width>1472.5</width>
							<height>276</height>
							<texture colordiffuse="FF0B0B0B" border="40">homewidgets/bg_default.png</texture>
							<visible>!Skin.HasSetting(Enable.GlobalWidgetBack)</visible>
							</control>
						</control>
					<include content="PanelLabel">
						<param name="id">80116</param>
						<param name="Label">31031</param>
						<param name="Title">$VAR[HomeWidgetInfoTitleVar]</param>
						<param name="labelFont">font13_title</param>
						<param name="labelBottom">252</param>
						<param name="labelWidth">710</param>
						<param name="labelLeft">243</param>
						<param name="labelRight">965.5</param>
						<param name="labelTitle">false</param>
						</include>
					</control>
				</control>
			<control type="group">
				<top>457</top>
				<control type="panel" id="80116">
					<left>242.5</left>
					<width>1435</width>
					<height>233</height>
					<orientation>horizontal</orientation>
					<preloaditems>2</preloaditems>
					<scrolltime tween="quadratic" easing="out">300</scrolltime>
					<include>skinshortcuts-template-HorizontalNavigation1</include>
					<include content="PortraitArt">
						<param name="containerWidth">159.4</param>
						<param name="containerHeight">233</param>
						<param name="Texture">$VAR[PosterThumbVar]</param>
						<param name="leftArt">6.5</param>
						<param name="topArt">4</param>
						<param name="widthArt">146.4</param>
						<param name="heightArt">225</param>
						<param name="topFakeDiscArt">4</param>
						<param name="leftCase">2.5</param>
						<param name="topCase">0</param>
						<param name="widthCase">154.4</param>
						<param name="heightCase">233</param>
						<param name="labelHeight">-29</param>
						<param name="labelFont">font11</param>
						<param name="fallbackFont">fontCDalbum</param>
						<param name="fallbackVisible">false</param>
						<param name="Aspect">stretch</param>
						<param name="Aligny">top</param>
						<param name="Diffuse" />
						<param name="Case">homewidgets/cases/glass/portrait.png</param>
						<param name="labelVisible">false</param>
						<param name="labelFocusVisible">false</param>
						<param name="isWeather">false</param>
						<param name="weatherTop" />
						<param name="weatherHeight" />
						<param name="weatherTop1" />
						<param name="weatherTop2" />
						<param name="weatherTop3" />
						<param name="weatherFont">font12</param>
						</include>
					<content target="videos" sortby="" sortorder="" limit="">special://skin/extras/playlists/randommovies.xsp</content>
					</control>
				</control>
			</control>
		<control type="group">
			<visible>String.IsEqual(Container(9000).ListItem.Property(submenuVisibility),weather)</visible>
			<control type="group">
				<visible>Integer.IsGreater(Container(801114).NumItems,0)</visible>
				<control type="group">
					<top>504</top>
					<control type="group">
						<include condition="!String.IsEmpty(Skin.String(Widget.Trans))">HomeWidgetFade</include>
						<centerleft>50%</centerleft>
						<top>-21</top>
						<width>1472.5</width>
						<height>242</height>
						<control type="image">
							<width>1472.5</width>
							<height>242</height>
							<texture colordiffuse="$VAR[HomeWidgetBackColor]" border="40">$VAR[HomeWidgetBackgroundVar]</texture>
							<visible>Skin.HasSetting(Enable.GlobalWidgetBack)</visible>
							</control>
						<control type="image">
							<width>1472.5</width>
							<height>242</height>
							<texture colordiffuse="FF0B0B0B" border="40">homewidgets/bg_default.png</texture>
							<visible>!Skin.HasSetting(Enable.GlobalWidgetBack)</visible>
							</control>
						</control>
					<include content="PanelLabel">
						<param name="id">801114</param>
						<param name="Label">10508</param>
						<param name="Title">$VAR[HomeWidgetInfoTitleVar]</param>
						<param name="labelFont">font13_title</param>
						<param name="labelBottom">223</param>
						<param name="labelWidth">710</param>
						<param name="labelLeft">243</param>
						<param name="labelRight">965.5</param>
						<param name="labelTitle">false</param>
						</include>
					</control>
				</control>
			<control type="group">
				<top>504</top>
				<control type="panel" id="801114">
					<left>242.5</left>
					<width>1435</width>
					<height>233</height>
					<orientation>horizontal</orientation>
					<preloaditems>2</preloaditems>
					<scrolltime tween="quadratic" easing="out">300</scrolltime>
					<include>skinshortcuts-template-HorizontalNavigation1</include>
					<include content="SquareArt">
						<param name="containerWidth">205</param>
						<param name="containerHeight">200</param>
						<param name="Texture">$VAR[PosterThumbVar]</param>
						<param name="leftArt">2.5</param>
						<param name="topArt">0</param>
						<param name="widthArt">200</param>
						<param name="heightArt">200</param>
						<param name="topFakeDiscArt">0</param>
						<param name="leftCase">2.5</param>
						<param name="topCase">0</param>
						<param name="widthCase">200</param>
						<param name="heightCase">200</param>
						<param name="labelHeight">-29</param>
						<param name="labelFont">font11</param>
						<param name="fallbackFont">fontCDalbum</param>
						<param name="fallbackVisible">false</param>
						<param name="Aspect">keep</param>
						<param name="Aligny">top</param>
						<param name="Diffuse" />
						<param name="Case" />
						<param name="labelVisible">false</param>
						<param name="labelFocusVisible">false</param>
						<param name="isWeather">true</param>
						<param name="weatherTop">39</param>
						<param name="weatherHeight">96</param>
						<param name="weatherTop1">0</param>
						<param name="weatherTop2">135</param>
						<param name="weatherTop3">166</param>
						<param name="weatherFont">font12</param>
						</include>
					<content target="" sortby="" sortorder="" limit="">
						<include>skinshortcuts-template-WeatherForecastContent</include>
						</content>
					</control>
				</control>
			</control>
		</include>
	<include name="skinshortcuts-template-HorizontalNavigation1">
		<include condition="String.IsEqual(System.ProfileName,Master user)">skinshortcuts-template-HorizontalNavigation1-Master user</include>
		</include>
	<include name="skinshortcuts-template-HorizontalNavigation1-Master user">
		<onup condition="!String.IsEqual(Skin.String(MainMenu.Layout),vertical) + Control.IsVisible(90020) + !Skin.HasSetting(centermainmenu)">90020</onup>
		<onup condition="String.IsEqual(Skin.String(MainMenu.Layout),vertical) + [Control.IsVisible(9027) | System.HasMediaDVD]">9020</onup>
		<onup condition="String.IsEqual(Skin.String(MainMenu.Layout),vertical) + ![Control.IsVisible(9027) | System.HasMediaDVD]">9000</onup>
		<ondown condition="!String.IsEqual(Skin.String(MainMenu.Layout),vertical) + ![System.HasMediaDVD | Control.IsVisible(9027)]">9000</ondown>
		<ondown condition="!String.IsEqual(Skin.String(MainMenu.Layout),vertical) + [System.HasMediaDVD | Control.IsVisible(9027)]">9020</ondown>
		<ondown condition="String.IsEqual(Skin.String(MainMenu.Layout),vertical) + Control.IsVisible(90020)">90020</ondown>
		<ondown condition="String.IsEqual(Skin.String(MainMenu.Layout),vertical) + !Control.IsVisible(90020) + [Control.IsVisible(9027) | System.HasMediaDVD]">9020</ondown>
		<ondown condition="String.IsEqual(Skin.String(MainMenu.Layout),vertical) + !Control.IsVisible(90020) + ![Control.IsVisible(9027) | System.HasMediaDVD]">9000</ondown>
		<onleft condition="String.IsEqual(Skin.String(MainMenu.Layout),vertical)">9000</onleft>
		<onback>9000</onback>
		</include>
	<include name="skinshortcuts-template-SystemContent">
		<include condition="String.IsEqual(System.ProfileName,Master user)">skinshortcuts-template-SystemContent-Master user</include>
		</include>
	<include name="skinshortcuts-template-SystemContent-Master user">
		<item>
			<label>12395</label>
			<label2>$INFO[System.BatteryLevel]</label2>
			<icon>homewidgets/systeminfo/square/battery_100.png</icon>
			<property name="Fanart">special://skin/backgrounds/widgets/systeminfo/fanart/battery_100.jpg</property>
			<property name="Label3">Remaining</property>
			<property name="isSystemInfo">true</property>
			<visible>Integer.IsGreater(System.BatteryLevel,60)</visible>
			<onclick>ActivateWindow(systeminfo)</onclick>
			</item>
		<item>
			<label>12395</label>
			<label2>$INFO[System.BatteryLevel]</label2>
			<icon>homewidgets/systeminfo/square/battery_50.png</icon>
			<property name="Fanart">special://skin/backgrounds/widgets/systeminfo/fanart/battery_50.jpg</property>
			<property name="Label3">Remaining</property>
			<property name="isSystemInfo">true</property>
			<visible>Integer.IsGreater(System.BatteryLevel,20) + !Integer.IsGreater(System.BatteryLevel,60)</visible>
			<onclick>ActivateWindow(systeminfo)</onclick>
			</item>
		<item>
			<label>12395</label>
			<label2>$INFO[System.BatteryLevel]</label2>
			<icon>homewidgets/systeminfo/square/battery_10.png</icon>
			<property name="Fanart">special://skin/backgrounds/widgets/systeminfo/fanart/battery_10.jpg</property>
			<property name="Label3">Remaining</property>
			<property name="isSystemInfo">true</property>
			<visible>Integer.IsGreater(System.BatteryLevel,5) + !Integer.IsGreater(System.BatteryLevel,20)</visible>
			<onclick>ActivateWindow(systeminfo)</onclick>
			</item>
		<item>
			<label>12395</label>
			<label2>$INFO[System.BatteryLevel]</label2>
			<icon>homewidgets/systeminfo/square/battery_critical.png</icon>
			<property name="Fanart">special://skin/backgrounds/widgets/systeminfo/fanart/battery_critical.jpg</property>
			<property name="Label3">Remaining</property>
			<property name="isSystemInfo">true</property>
			<visible>Integer.IsGreater(System.BatteryLevel,0) + !Integer.IsGreater(System.BatteryLevel,5)</visible>
			<onclick>ActivateWindow(systeminfo)</onclick>
			</item>
		<item>
			<label>705</label>
			<label2>$INFO[Network.LinkState]</label2>
			<icon>homewidgets/systeminfo/square/connected.png</icon>
			<property name="Fanart">special://skin/backgrounds/widgets/systeminfo/fanart/connected.jpg</property>
			<property name="Label3">$INFO[Network.IPAddress,IP: ]</property>
			<property name="isSystemInfo">true</property>
			<visible>!String.IsEmpty(Network.IPAddress)</visible>
			<onclick>ActivateWindow(systeminfo)</onclick>
			</item>
		<item>
			<label>705</label>
			<label2>$INFO[Network.LinkState]</label2>
			<icon>homewidgets/systeminfo/square/disconnected.png</icon>
			<property name="Fanart">special://skin/backgrounds/widgets/systeminfo/fanart/disconnected.jpg</property>
			<property name="Label3">$INFO[Network.IPAddress,IP: ]</property>
			<property name="isSystemInfo">true</property>
			<visible>String.IsEmpty(Network.IPAddress)</visible>
			<onclick>ActivateWindow(systeminfo)</onclick>
			</item>
		<item>
			<label>13280</label>
			<label2>$INFO[System.ScreenWidth]x$INFO[System.ScreenHeight]</label2>
			<icon>homewidgets/systeminfo/square/video.png</icon>
			<property name="Fanart">special://skin/backgrounds/widgets/systeminfo/fanart/video.jpg</property>
			<property name="Label3">$INFO[System.fps,, FPS]</property>
			<property name="isSystemInfo">true</property>
			<visible>!Integer.IsGreater(System.GPUTemperature,0)</visible>
			<onclick>ActivateWindow(systeminfo)</onclick>
			</item>
		<item>
			<label>13280</label>
			<label2>$INFO[System.ScreenWidth]x$INFO[System.ScreenHeight]</label2>
			<icon>homewidgets/systeminfo/square/video.png</icon>
			<property name="Fanart">special://skin/backgrounds/widgets/systeminfo/fanart/video.jpg</property>
			<property name="Label3">$INFO[System.fps] FPS $INFO[System.GPUTemperature]</property>
			<property name="isSystemInfo">true</property>
			<visible>Integer.IsGreater(System.GPUTemperature,0)</visible>
			<onclick>ActivateWindow(systeminfo)</onclick>
			</item>
		<item>
			<label>CPU</label>
			<label2>$INFO[System.CPUUsage(used.percent)]</label2>
			<icon>homewidgets/systeminfo/square/cpu.png</icon>
			<property name="Fanart">special://skin/backgrounds/widgets/systeminfo/fanart/cpu.jpg</property>
			<property name="Label3">$INFO[System.CpuFrequency] $INFO[System.CPUTemperature]</property>
			<property name="isSystemInfo">true</property>
			<visible>Integer.IsGreater(System.CPUTemperature,0)</visible>
			<onclick>ActivateWindow(systeminfo)</onclick>
			</item>
		<item>
			<label>CPU</label>
			<label2>$INFO[System.CPUUsage(used.percent)]</label2>
			<icon>homewidgets/systeminfo/square/cpu.png</icon>
			<property name="Fanart">special://skin/backgrounds/widgets/systeminfo/fanart/cpu.jpg</property>
			<property name="Label3">$INFO[System.CpuFrequency]</property>
			<property name="isSystemInfo">true</property>
			<visible>!Integer.IsGreater(System.CPUTemperature,0)</visible>
			<onclick>ActivateWindow(systeminfo)</onclick>
			</item>
		<item>
			<label>$LOCALIZE[31309]</label>
			<label2>$INFO[System.Memory(free.percent)] $LOCALIZE[156]</label2>
			<icon>homewidgets/systeminfo/square/memory.png</icon>
			<property name="Fanart">special://skin/backgrounds/widgets/systeminfo/fanart/memory.jpg</property>
			<property name="Label3">$INFO[System.Memory(total)] $LOCALIZE[20161]</property>
			<property name="isSystemInfo">true</property>
			<onclick>ActivateWindow(systeminfo)</onclick>
			</item>
		<item>
			<label>154</label>
			<label2>$INFO[System.FreeSpacePercent]</label2>
			<icon>homewidgets/systeminfo/square/storage.png</icon>
			<property name="Fanart">special://skin/backgrounds/widgets/systeminfo/fanart/storage.jpg</property>
			<property name="Label3">$INFO[System.TotalSpace]</property>
			<property name="isSystemInfo">true</property>
			<onclick>ActivateWindow(systeminfo)</onclick>
			</item>
		<item>
			<label>19020</label>
			<label2>$INFO[Pvr.BackendName]</label2>
			<icon>homewidgets/systeminfo/square/pvr.png</icon>
			<property name="Fanart">special://skin/backgrounds/widgets/systeminfo/fanart/pvr.jpg</property>
			<property name="Label3">$INFO[Pvr.BackendChannels] $LOCALIZE[19019]</property>
			<property name="isSystemInfo">true</property>
			<visible>PVR.HasTVChannels</visible>
			<onclick>ActivateWindow(systeminfo)</onclick>
			</item>
		<item>
			<label>19114</label>
			<label2>$INFO[System.BuildVersion]</label2>
			<icon>homewidgets/systeminfo/square/system.png</icon>
			<property name="Fanart">special://skin/backgrounds/widgets/systeminfo/fanart/system.jpg</property>
			<property name="Label3">$INFO[System.BuildDate]</property>
			<property name="isSystemInfo">true</property>
			<visible>!PVR.HasTVChannels</visible>
			<onclick>ActivateWindow(systeminfo)</onclick>
			</item>
		<item>
			<label>12390</label>
			<label2>$INFO[System.Uptime]</label2>
			<icon>homewidgets/systeminfo/square/uptime.png</icon>
			<property name="Fanart">special://skin/backgrounds/widgets/systeminfo/fanart/uptime.jpg</property>
			<property name="Label3">$LOCALIZE[20161]: $INFO[System.TotalUptime]</property>
			<property name="isSystemInfo">true</property>
			<onclick>ActivateWindow(systeminfo)</onclick>
			</item>
		</include>
	<include name="skinshortcuts-template-SystemUptime">
		<include condition="String.IsEqual(System.ProfileName,Master user)">skinshortcuts-template-SystemUptime-Master user</include>
		</include>
	<include name="skinshortcuts-template-SystemUptime-Master user">
		<item>
			<label>12390</label>
			<label2>$INFO[System.Uptime]</label2>
			<icon>homewidgets/systeminfo/square/uptime.png</icon>
			<property name="Fanart">special://skin/backgrounds/widgets/systeminfo/fanart/uptime.jpg</property>
			<property name="Label3">$LOCALIZE[20161]: $INFO[System.TotalUptime]</property>
			<property name="isSystemInfo">true</property>
			<onclick>ActivateWindow(systeminfo)</onclick>
			</item>
		</include>
	<include name="skinshortcuts-template-SystemBattery">
		<include condition="String.IsEqual(System.ProfileName,Master user)">skinshortcuts-template-SystemBattery-Master user</include>
		</include>
	<include name="skinshortcuts-template-SystemBattery-Master user">
		<item>
			<label>12395</label>
			<label2>$INFO[System.BatteryLevel]</label2>
			<icon>homewidgets/systeminfo/square/battery_100.png</icon>
			<property name="Fanart">special://skin/backgrounds/widgets/systeminfo/fanart/battery_100.jpg</property>
			<property name="Label3">Remains</property>
			<property name="isSystemInfo">true</property>
			<visible>Integer.IsGreater(System.BatteryLevel,60)</visible>
			<onclick>ActivateWindow(systeminfo)</onclick>
			</item>
		<item>
			<label>12395</label>
			<label2>$INFO[System.BatteryLevel]</label2>
			<icon>homewidgets/systeminfo/square/battery_50.png</icon>
			<property name="Fanart">special://skin/backgrounds/widgets/systeminfo/fanart/battery_50.jpg</property>
			<property name="Label3">Remains</property>
			<property name="isSystemInfo">true</property>
			<visible>Integer.IsGreater(System.BatteryLevel,20) + !Integer.IsGreater(System.BatteryLevel,60)</visible>
			<onclick>ActivateWindow(systeminfo)</onclick>
			</item>
		<item>
			<label>12395</label>
			<label2>$INFO[System.BatteryLevel]</label2>
			<icon>homewidgets/systeminfo/square/battery_10.png</icon>
			<property name="Fanart">special://skin/backgrounds/widgets/systeminfo/fanart/battery_10.jpg</property>
			<property name="Label3">Remains</property>
			<property name="isSystemInfo">true</property>
			<visible>Integer.IsGreater(System.BatteryLevel,5) + !Integer.IsGreater(System.BatteryLevel,20)</visible>
			<onclick>ActivateWindow(systeminfo)</onclick>
			</item>
		<item>
			<label>12395</label>
			<label2>$INFO[System.BatteryLevel]</label2>
			<icon>homewidgets/systeminfo/square/battery_critical.png</icon>
			<property name="Fanart">special://skin/backgrounds/widgets/systeminfo/fanart/battery_critical.jpg</property>
			<property name="Label3">Remains</property>
			<property name="isSystemInfo">true</property>
			<visible>Integer.IsGreater(System.BatteryLevel,0) + !Integer.IsGreater(System.BatteryLevel,5)</visible>
			<onclick>ActivateWindow(systeminfo)</onclick>
			</item>
		</include>
	<include name="skinshortcuts-template-SystemNetwork">
		<include condition="String.IsEqual(System.ProfileName,Master user)">skinshortcuts-template-SystemNetwork-Master user</include>
		</include>
	<include name="skinshortcuts-template-SystemNetwork-Master user">
		<item>
			<label>705</label>
			<label2>$INFO[Network.LinkState]</label2>
			<icon>homewidgets/systeminfo/square/connected.png</icon>
			<property name="Fanart">special://skin/backgrounds/widgets/systeminfo/fanart/connected.jpg</property>
			<property name="Label3">$INFO[Network.IPAddress,IP: ]</property>
			<property name="isSystemInfo">true</property>
			<visible>!String.IsEmpty(Network.IPAddress)</visible>
			<onclick>ActivateWindow(systeminfo)</onclick>
			</item>
		<item>
			<label>705</label>
			<label2>$INFO[Network.LinkState]</label2>
			<icon>homewidgets/systeminfo/square/disconnected.png</icon>
			<property name="Fanart">special://skin/backgrounds/widgets/systeminfo/fanart/disconnected.jpg</property>
			<property name="Label3">$INFO[Network.IPAddress,IP: ]</property>
			<property name="isSystemInfo">true</property>
			<visible>String.IsEmpty(Network.IPAddress)</visible>
			<onclick>ActivateWindow(systeminfo)</onclick>
			</item>
		</include>
	<include name="skinshortcuts-template-SystemVideo">
		<include condition="String.IsEqual(System.ProfileName,Master user)">skinshortcuts-template-SystemVideo-Master user</include>
		</include>
	<include name="skinshortcuts-template-SystemVideo-Master user">
		<item>
			<label>13280</label>
			<label2>$INFO[System.ScreenWidth]x$INFO[System.ScreenHeight]</label2>
			<icon>homewidgets/systeminfo/square/video.png</icon>
			<property name="Fanart">special://skin/backgrounds/widgets/systeminfo/fanart/video.jpg</property>
			<property name="Label3">$INFO[System.fps] FPS</property>
			<property name="isSystemInfo">true</property>
			<visible>!Integer.IsGreater(System.GPUTemperature,0)</visible>
			<onclick>ActivateWindow(systeminfo)</onclick>
			</item>
		<item>
			<label>13280</label>
			<label2>$INFO[System.ScreenWidth]x$INFO[System.ScreenHeight]</label2>
			<icon>homewidgets/systeminfo/square/video.png</icon>
			<property name="Fanart">special://skin/backgrounds/widgets/systeminfo/fanart/video.jpg</property>
			<property name="Label3">$INFO[System.fps] FPS $INFO[System.GPUTemperature]</property>
			<property name="isSystemInfo">true</property>
			<visible>Integer.IsGreater(System.GPUTemperature,0)</visible>
			<onclick>ActivateWindow(systeminfo)</onclick>
			</item>
		</include>
	<include name="skinshortcuts-template-SystemCPU">
		<include condition="String.IsEqual(System.ProfileName,Master user)">skinshortcuts-template-SystemCPU-Master user</include>
		</include>
	<include name="skinshortcuts-template-SystemCPU-Master user">
		<item>
			<label>$LOCALIZE[140]</label>
			<label2>$INFO[System.CPUUsage(used.percent)]</label2>
			<icon>homewidgets/systeminfo/square/cpu.png</icon>
			<property name="Fanart">special://skin/backgrounds/widgets/systeminfo/fanart/cpu.jpg</property>
			<property name="Label3">$INFO[System.CpuFrequency] $INFO[System.CPUTemperature]</property>
			<property name="isSystemInfo">true</property>
			<visible>Integer.IsGreater(System.CPUTemperature,0)</visible>
			<onclick>ActivateWindow(systeminfo)</onclick>
			</item>
		<item>
			<label>$LOCALIZE[140]</label>
			<label2>$INFO[System.CPUUsage(used.percent)]</label2>
			<icon>homewidgets/systeminfo/square/cpu.png</icon>
			<property name="Fanart">special://skin/backgrounds/widgets/systeminfo/fanart/cpu.jpg</property>
			<property name="Label3">$INFO[System.CpuFrequency]</property>
			<property name="isSystemInfo">true</property>
			<visible>!Integer.IsGreater(System.CPUTemperature,0)</visible>
			<onclick>ActivateWindow(systeminfo)</onclick>
			</item>
		</include>
	<include name="skinshortcuts-template-SystemMemory">
		<include condition="String.IsEqual(System.ProfileName,Master user)">skinshortcuts-template-SystemMemory-Master user</include>
		</include>
	<include name="skinshortcuts-template-SystemMemory-Master user">
		<item>
			<label>158</label>
			<label2>$INFO[System.Memory(free.percent)] $LOCALIZE[156]</label2>
			<icon>homewidgets/systeminfo/square/memory.png</icon>
			<property name="Fanart">special://skin/backgrounds/widgets/systeminfo/fanart/memory.jpg</property>
			<property name="Label3">$INFO[System.Memory(total)] $LOCALIZE[20161]</property>
			<property name="isSystemInfo">true</property>
			<onclick>ActivateWindow(systeminfo)</onclick>
			</item>
		</include>
	<include name="skinshortcuts-template-SystemStorage">
		<include condition="String.IsEqual(System.ProfileName,Master user)">skinshortcuts-template-SystemStorage-Master user</include>
		</include>
	<include name="skinshortcuts-template-SystemStorage-Master user">
		<item>
			<label>154</label>
			<label2>$INFO[System.FreeSpacePercent]</label2>
			<icon>homewidgets/systeminfo/square/storage.png</icon>
			<property name="Fanart">special://skin/backgrounds/widgets/systeminfo/fanart/storage.jpg</property>
			<property name="Label3">$INFO[System.TotalSpace]</property>
			<property name="isSystemInfo">true</property>
			<onclick>ActivateWindow(systeminfo)</onclick>
			</item>
		</include>
	<include name="skinshortcuts-template-SystemPVR">
		<include condition="String.IsEqual(System.ProfileName,Master user)">skinshortcuts-template-SystemPVR-Master user</include>
		</include>
	<include name="skinshortcuts-template-SystemPVR-Master user">
		<item>
			<label>19020</label>
			<label2>$INFO[Pvr.BackendName]</label2>
			<icon>homewidgets/systeminfo/square/pvr.png</icon>
			<property name="Fanart">special://skin/backgrounds/widgets/systeminfo/fanart/pvr.jpg</property>
			<property name="Label3">$INFO[Pvr.BackendChannels] $LOCALIZE[19019]</property>
			<property name="isSystemInfo">true</property>
			<visible>PVR.HasTVChannels</visible>
			<onclick>ActivateWindow(systeminfo)</onclick>
			</item>
		</include>
	<include name="skinshortcuts-template-SystemVersion">
		<include condition="String.IsEqual(System.ProfileName,Master user)">skinshortcuts-template-SystemVersion-Master user</include>
		</include>
	<include name="skinshortcuts-template-SystemVersion-Master user">
		<item>
			<label>19114</label>
			<label2>$INFO[System.BuildVersion]</label2>
			<icon>homewidgets/systeminfo/square/system.png</icon>
			<property name="Fanart">special://skin/backgrounds/widgets/systeminfo/fanart/system.jpg</property>
			<property name="Label3">$INFO[System.BuildDate]</property>
			<property name="isSystemInfo">true</property>
			<onclick>ActivateWindow(systeminfo)</onclick>
			</item>
		</include>
	<include name="skinshortcuts-template-WeatherForecastContent">
		<include condition="String.IsEqual(System.ProfileName,Master user)">skinshortcuts-template-WeatherForecastContent-Master user</include>
		</include>
	<include name="skinshortcuts-template-WeatherForecastContent-Master user">
		<item>
			<label>$LOCALIZE[31909]</label>
			<icon />
			<visible>!Weather.IsFetched</visible>
			</item>
		<item>
			<label>$INFO[Window(weather).Property(Day0.Title)]</label>
			<label2>$INFO[Window(weather).Property(Day0.Outlook)]</label2>
			<icon>$VAR[WeatherIconsPathVar]$INFO[Window(weather).Property(Day0.FanartCode)]$VAR[WeatherIconsExtVar]</icon>
			<property name="Label3">[COLOR red]$INFO[Window(weather).Property(Day0.HighTemp)]$INFO[System.TemperatureUnits][/COLOR]</property>
			<property name="Label4">[COLOR blue]$INFO[Window(weather).Property(Day0.LowTemp)]$INFO[System.TemperatureUnits][/COLOR]</property>
			<property name="Fanart">$INFO[Skin.String(weatherfanart.path)]$INFO[Window(weather).Property(Day0.FanartCode)]$VAR[WeatherBackgroundTypeVar]</property>
			<onclick>ActivateWindow(weather)</onclick>
			<visible>!String.IsEmpty(Window(Weather).Property(Day0.Title))</visible>
			</item>
		<item>
			<label>$INFO[Window(weather).Property(Day1.Title)]</label>
			<label2>$INFO[Window(weather).Property(Day1.Outlook)]</label2>
			<icon>$VAR[WeatherIconsPathVar]$INFO[Window(weather).Property(Day1.FanartCode)]$VAR[WeatherIconsExtVar]</icon>
			<property name="Label3">[COLOR red]$INFO[Window(weather).Property(Day1.HighTemp)]$INFO[System.TemperatureUnits][/COLOR]</property>
			<property name="Label4">[COLOR blue]$INFO[Window(weather).Property(Day1.LowTemp)]$INFO[System.TemperatureUnits][/COLOR]</property>
			<property name="Fanart">$INFO[Skin.String(weatherfanart.path)]$INFO[Window(weather).Property(Day1.FanartCode)]$VAR[WeatherBackgroundTypeVar]</property>
			<onclick>ActivateWindow(weather)</onclick>
			<visible>!String.IsEmpty(Window(Weather).Property(Day1.Title))</visible>
			</item>
		<item>
			<label>$INFO[Window(weather).Property(Day2.Title)]</label>
			<label2>$INFO[Window(weather).Property(Day2.Outlook)]</label2>
			<icon>$VAR[WeatherIconsPathVar]$INFO[Window(weather).Property(Day2.FanartCode)]$VAR[WeatherIconsExtVar]</icon>
			<property name="Label3">[COLOR red]$INFO[Window(weather).Property(Day2.HighTemp)]$INFO[System.TemperatureUnits][/COLOR]</property>
			<property name="Label4">[COLOR blue]$INFO[Window(weather).Property(Day2.LowTemp)]$INFO[System.TemperatureUnits][/COLOR]</property>
			<property name="Fanart">$INFO[Skin.String(weatherfanart.path)]$INFO[Window(weather).Property(Day2.FanartCode)]$VAR[WeatherBackgroundTypeVar]</property>
			<onclick>ActivateWindow(weather)</onclick>
			<visible>!String.IsEmpty(Window(Weather).Property(Day2.Title))</visible>
			</item>
		<item>
			<label>$INFO[Window(weather).Property(Day3.Title)]</label>
			<label2>$INFO[Window(weather).Property(Day3.Outlook)]</label2>
			<icon>$VAR[WeatherIconsPathVar]$INFO[Window(weather).Property(Day3.FanartCode)]$VAR[WeatherIconsExtVar]</icon>
			<property name="Label3">[COLOR red]$INFO[Window(weather).Property(Day3.HighTemp)]$INFO[System.TemperatureUnits][/COLOR]</property>
			<property name="Label4">[COLOR blue]$INFO[Window(weather).Property(Day3.LowTemp)]$INFO[System.TemperatureUnits][/COLOR]</property>
			<property name="Fanart">$INFO[Skin.String(weatherfanart.path)]$INFO[Window(weather).Property(Day3.FanartCode)]$VAR[WeatherBackgroundTypeVar]</property>
			<onclick>ActivateWindow(weather)</onclick>
			<visible>!String.IsEmpty(Window(Weather).Property(Day3.Title))</visible>
			</item>
		<item>
			<label>$INFO[Window(weather).Property(Day4.Title)]</label>
			<label2>$INFO[Window(weather).Property(Day4.Outlook)]</label2>
			<icon>$VAR[WeatherIconsPathVar]$INFO[Window(weather).Property(Day4.FanartCode)]$VAR[WeatherIconsExtVar]</icon>
			<property name="Label3">[COLOR red]$INFO[Window(weather).Property(Day4.HighTemp)]$INFO[System.TemperatureUnits][/COLOR]</property>
			<property name="Label4">[COLOR blue]$INFO[Window(weather).Property(Day4.LowTemp)]$INFO[System.TemperatureUnits][/COLOR]</property>
			<property name="Fanart">$INFO[Skin.String(weatherfanart.path)]$INFO[Window(weather).Property(Day4.FanartCode)]$VAR[WeatherBackgroundTypeVar]</property>
			<onclick>ActivateWindow(weather)</onclick>
			<visible>!String.IsEmpty(Window(Weather).Property(Day4.Title))</visible>
			</item>
		<item>
			<label>$INFO[Window(weather).Property(Day5.Title)]</label>
			<label2>$INFO[Window(weather).Property(Day5.Outlook)]</label2>
			<icon>$VAR[WeatherIconsPathVar]$INFO[Window(weather).Property(Day5.FanartCode)]$VAR[WeatherIconsExtVar]</icon>
			<property name="Label3">[COLOR red]$INFO[Window(weather).Property(Day5.HighTemp)]$INFO[System.TemperatureUnits][/COLOR]</property>
			<property name="Label4">[COLOR blue]$INFO[Window(weather).Property(Day5.LowTemp)]$INFO[System.TemperatureUnits][/COLOR]</property>
			<property name="Fanart">$INFO[Skin.String(weatherfanart.path)]$INFO[Window(weather).Property(Day5.FanartCode)]$VAR[WeatherBackgroundTypeVar]</property>
			<onclick>ActivateWindow(weather)</onclick>
			<visible>!String.IsEmpty(Window(Weather).Property(Day5.Title))</visible>
			</item>
		<item>
			<label>$INFO[Window(weather).Property(Day6.Title)]</label>
			<label2>$INFO[Window(weather).Property(Day6.Outlook)]</label2>
			<icon>$VAR[WeatherIconsPathVar]$INFO[Window(weather).Property(Day6.FanartCode)]$VAR[WeatherIconsExtVar]</icon>
			<property name="Label3">[COLOR red]$INFO[Window(weather).Property(Day6.HighTemp)]$INFO[System.TemperatureUnits][/COLOR]</property>
			<property name="Label4">[COLOR blue]$INFO[Window(weather).Property(Day6.LowTemp)]$INFO[System.TemperatureUnits][/COLOR]</property>
			<property name="Fanart">$INFO[Skin.String(weatherfanart.path)]$INFO[Window(weather).Property(Day6.FanartCode)]$VAR[WeatherBackgroundTypeVar]</property>
			<onclick>ActivateWindow(weather)</onclick>
			<visible>!String.IsEmpty(Window(Weather).Property(Day6.Title))</visible>
			</item>
		</include>
	<include name="skinshortcuts-template-WeatherTodayContent">
		<include condition="String.IsEqual(System.ProfileName,Master user)">skinshortcuts-template-WeatherTodayContent-Master user</include>
		</include>
	<include name="skinshortcuts-template-WeatherTodayContent-Master user">
		<item>
			<label>$LOCALIZE[31909]</label>
			<icon />
			<visible>!Weather.IsFetched</visible>
			</item>
		<item>
			<label>33006</label>
			<label2>$INFO[Window(weather).Property(Day0.Outlook)]</label2>
			<icon>$VAR[WeatherIconsPathVar]$INFO[Window(weather).Property(Day0.FanartCode)]$VAR[WeatherIconsExtVar]</icon>
			<property name="Label3">[COLOR red]$INFO[Window(weather).Property(Day0.HighTemp)]$INFO[System.TemperatureUnits][/COLOR]</property>
			<property name="Label4">[COLOR blue]$INFO[Window(weather).Property(Day0.LowTemp)]$INFO[System.TemperatureUnits][/COLOR]</property>
			<property name="Fanart">$INFO[Skin.String(weatherfanart.path)]$INFO[Window(weather).Property(Day0.FanartCode)]$VAR[WeatherBackgroundTypeVar]</property>
			<onclick>ActivateWindow(weather)</onclick>
			<visible>!String.IsEmpty(Window(Weather).Property(Day0.Title))</visible>
			</item>
		</include>
	<include name="skinshortcuts-template-WeatherTomorrowContent">
		<include condition="String.IsEqual(System.ProfileName,Master user)">skinshortcuts-template-WeatherTomorrowContent-Master user</include>
		</include>
	<include name="skinshortcuts-template-WeatherTomorrowContent-Master user">
		<item>
			<label>$LOCALIZE[31909]</label>
			<icon />
			<visible>!Weather.IsFetched</visible>
			</item>
		<item>
			<label>33007</label>
			<label2>$INFO[Window(weather).Property(Day1.Outlook)]</label2>
			<icon>$VAR[WeatherIconsPathVar]$INFO[Window(weather).Property(Day1.FanartCode)]$VAR[WeatherIconsExtVar]</icon>
			<property name="Label3">[COLOR red]$INFO[Window(weather).Property(Day1.HighTemp)]$INFO[System.TemperatureUnits][/COLOR]</property>
			<property name="Label4">[COLOR blue]$INFO[Window(weather).Property(Day1.LowTemp)]$INFO[System.TemperatureUnits][/COLOR]</property>
			<property name="Fanart">$INFO[Skin.String(weatherfanart.path)]$INFO[Window(weather).Property(Day1.FanartCode)]$VAR[WeatherBackgroundTypeVar]</property>
			<onclick>ActivateWindow(weather)</onclick>
			<visible>!String.IsEmpty(Window(Weather).Property(Day1.Title))</visible>
			</item>
		</include>
	<include name="skinshortcuts-template-widget2">
		<description>This include was built automatically as the template didn't match any menu items</description>
		</include>
	<include name="skinshortcuts-template-HorizontalNavigation2">
		<description>This include was built automatically as the template didn't match any menu items</description>
		</include>
	<include name="skinshortcuts-template-WidgetPoster">
		<description>This include was built automatically as the template didn't match any menu items</description>
		</include>
	<include name="skinshortcuts-template-WidgetPoster.2">
		<description>This include was built automatically as the template didn't match any menu items</description>
		</include>
	<include name="skinshortcuts-template-WidgetFanArt">
		<description>This include was built automatically as the template didn't match any menu items</description>
		</include>
	<include name="skinshortcuts-template-WidgetFanArt.2">
		<description>This include was built automatically as the template didn't match any menu items</description>
		</include>
	<include name="skinshortcuts-template-WidgetLandscape">
		<description>This include was built automatically as the template didn't match any menu items</description>
		</include>
	<include name="skinshortcuts-template-WidgetLandscape.2">
		<description>This include was built automatically as the template didn't match any menu items</description>
		</include>
	<include name="skinshortcuts-template-WidgetClearArt">
		<description>This include was built automatically as the template didn't match any menu items</description>
		</include>
	<include name="skinshortcuts-template-WidgetClearArt.2">
		<description>This include was built automatically as the template didn't match any menu items</description>
		</include>
	<include name="skinshortcuts-template-WidgetClearLogo">
		<description>This include was built automatically as the template didn't match any menu items</description>
		</include>
	<include name="skinshortcuts-template-WidgetClearLogo.2">
		<description>This include was built automatically as the template didn't match any menu items</description>
		</include>
	<include name="skinshortcuts-template-WidgetThumb">
		<description>This include was built automatically as the template didn't match any menu items</description>
		</include>
	<include name="skinshortcuts-template-WidgetThumb.2">
		<description>This include was built automatically as the template didn't match any menu items</description>
		</include>
	<include name="skinshortcuts-template-WidgetCharacterArt">
		<description>This include was built automatically as the template didn't match any menu items</description>
		</include>
	<include name="skinshortcuts-template-WidgetCharacterArt.2">
		<description>This include was built automatically as the template didn't match any menu items</description>
		</include>
	<include name="skinshortcuts-template-WidgetBanner">
		<description>This include was built automatically as the template didn't match any menu items</description>
		</include>
	<include name="skinshortcuts-template-WidgetBanner.2">
		<description>This include was built automatically as the template didn't match any menu items</description>
		</include>
	<include name="skinshortcuts-template-WidgetTitle">
		<description>This include was built automatically as the template didn't match any menu items</description>
		</include>
	<include name="skinshortcuts-template-WidgetTitle.2">
		<description>This include was built automatically as the template didn't match any menu items</description>
		</include>
	<include name="skinshortcuts-template-WidgetTitle2">
		<description>This include was built automatically as the template didn't match any menu items</description>
		</include>
	<include name="skinshortcuts-template-WidgetTitle2.2">
		<description>This include was built automatically as the template didn't match any menu items</description>
		</include>
	<include name="skinshortcuts-template-NextAiredWidgetContent">
		<description>This include was built automatically as the template didn't match any menu items</description>
		</include>
	</includes>
